/*
SQLyog Ultimate v12.08 (64 bit)
MySQL - 5.7.17-log : Database - ry
*********************************************************************
*/

/*!40101 SET NAMES utf8 */;

/*!40101 SET SQL_MODE=''*/;

/*!40014 SET @OLD_UNIQUE_CHECKS=@@UNIQUE_CHECKS, UNIQUE_CHECKS=0 */;
/*!40014 SET @OLD_FOREIGN_KEY_CHECKS=@@FOREIGN_KEY_CHECKS, FOREIGN_KEY_CHECKS=0 */;
/*!40101 SET @OLD_SQL_MODE=@@SQL_MODE, SQL_MODE='NO_AUTO_VALUE_ON_ZERO' */;
/*!40111 SET @OLD_SQL_NOTES=@@SQL_NOTES, SQL_NOTES=0 */;
CREATE DATABASE /*!32312 IF NOT EXISTS*/`ry` /*!40100 DEFAULT CHARACTER SET utf8 */;

USE `ry`;

/*Table structure for table `gen_table` */

DROP TABLE IF EXISTS `gen_table`;

CREATE TABLE `gen_table` (
  `table_id` bigint(20) NOT NULL AUTO_INCREMENT COMMENT 'ç¼–å·',
  `table_name` varchar(200) DEFAULT '' COMMENT 'è¡¨åç§°',
  `table_comment` varchar(500) DEFAULT '' COMMENT 'è¡¨æè¿°',
  `sub_table_name` varchar(64) DEFAULT NULL COMMENT 'å…³è”å­è¡¨çš„è¡¨å',
  `sub_table_fk_name` varchar(64) DEFAULT NULL COMMENT 'å­è¡¨å…³è”çš„å¤–é”®å',
  `class_name` varchar(100) DEFAULT '' COMMENT 'å®ä½“ç±»åç§°',
  `tpl_category` varchar(200) DEFAULT 'crud' COMMENT 'ä½¿ç”¨çš„æ¨¡æ¿ï¼ˆcrudå•è¡¨æ“ä½œ treeæ ‘è¡¨æ“ä½œ subä¸»å­è¡¨æ“ä½œï¼‰',
  `package_name` varchar(100) DEFAULT NULL COMMENT 'ç”ŸæˆåŒ…è·¯å¾„',
  `module_name` varchar(30) DEFAULT NULL COMMENT 'ç”Ÿæˆæ¨¡å—å',
  `business_name` varchar(30) DEFAULT NULL COMMENT 'ç”Ÿæˆä¸šåŠ¡å',
  `function_name` varchar(50) DEFAULT NULL COMMENT 'ç”ŸæˆåŠŸèƒ½å',
  `function_author` varchar(50) DEFAULT NULL COMMENT 'ç”ŸæˆåŠŸèƒ½ä½œè€…',
  `options` varchar(1000) DEFAULT NULL COMMENT 'å…¶å®ƒç”Ÿæˆé€‰é¡¹',
  `create_by` varchar(64) DEFAULT '' COMMENT 'åˆ›å»ºè€…',
  `create_time` datetime DEFAULT NULL COMMENT 'åˆ›å»ºæ—¶é—´',
  `update_by` varchar(64) DEFAULT '' COMMENT 'æ›´æ–°è€…',
  `update_time` datetime DEFAULT NULL COMMENT 'æ›´æ–°æ—¶é—´',
  `remark` varchar(500) DEFAULT NULL COMMENT 'å¤‡æ³¨',
  PRIMARY KEY (`table_id`)
) ENGINE=InnoDB DEFAULT CHARSET=utf8 COMMENT='ä»£ç ç”Ÿæˆä¸šåŠ¡è¡¨';

/*Data for the table `gen_table` */

/*Table structure for table `gen_table_column` */

DROP TABLE IF EXISTS `gen_table_column`;

CREATE TABLE `gen_table_column` (
  `column_id` bigint(20) NOT NULL AUTO_INCREMENT COMMENT 'ç¼–å·',
  `table_id` varchar(64) DEFAULT NULL COMMENT 'å½’å±è¡¨ç¼–å·',
  `column_name` varchar(200) DEFAULT NULL COMMENT 'åˆ—åç§°',
  `column_comment` varchar(500) DEFAULT NULL COMMENT 'åˆ—æè¿°',
  `column_type` varchar(100) DEFAULT NULL COMMENT 'åˆ—ç±»å‹',
  `java_type` varchar(500) DEFAULT NULL COMMENT 'JAVAç±»å‹',
  `java_field` varchar(200) DEFAULT NULL COMMENT 'JAVAå­—æ®µå',
  `is_pk` char(1) DEFAULT NULL COMMENT 'æ˜¯å¦ä¸»é”®ï¼ˆ1æ˜¯ï¼‰',
  `is_increment` char(1) DEFAULT NULL COMMENT 'æ˜¯å¦è‡ªå¢ï¼ˆ1æ˜¯ï¼‰',
  `is_required` char(1) DEFAULT NULL COMMENT 'æ˜¯å¦å¿…å¡«ï¼ˆ1æ˜¯ï¼‰',
  `is_insert` char(1) DEFAULT NULL COMMENT 'æ˜¯å¦ä¸ºæ’å…¥å­—æ®µï¼ˆ1æ˜¯ï¼‰',
  `is_edit` char(1) DEFAULT NULL COMMENT 'æ˜¯å¦ç¼–è¾‘å­—æ®µï¼ˆ1æ˜¯ï¼‰',
  `is_list` char(1) DEFAULT NULL COMMENT 'æ˜¯å¦åˆ—è¡¨å­—æ®µï¼ˆ1æ˜¯ï¼‰',
  `is_query` char(1) DEFAULT NULL COMMENT 'æ˜¯å¦æŸ¥è¯¢å­—æ®µï¼ˆ1æ˜¯ï¼‰',
  `query_type` varchar(200) DEFAULT 'EQ' COMMENT 'æŸ¥è¯¢æ–¹å¼ï¼ˆç­‰äºã€ä¸ç­‰äºã€å¤§äºã€å°äºã€èŒƒå›´ï¼‰',
  `html_type` varchar(200) DEFAULT NULL COMMENT 'æ˜¾ç¤ºç±»å‹ï¼ˆæ–‡æœ¬æ¡†ã€æ–‡æœ¬åŸŸã€ä¸‹æ‹‰æ¡†ã€å¤é€‰æ¡†ã€å•é€‰æ¡†ã€æ—¥æœŸæ§ä»¶ï¼‰',
  `dict_type` varchar(200) DEFAULT '' COMMENT 'å­—å…¸ç±»å‹',
  `sort` int(11) DEFAULT NULL COMMENT 'æ’åº',
  `create_by` varchar(64) DEFAULT '' COMMENT 'åˆ›å»ºè€…',
  `create_time` datetime DEFAULT NULL COMMENT 'åˆ›å»ºæ—¶é—´',
  `update_by` varchar(64) DEFAULT '' COMMENT 'æ›´æ–°è€…',
  `update_time` datetime DEFAULT NULL COMMENT 'æ›´æ–°æ—¶é—´',
  PRIMARY KEY (`column_id`)
) ENGINE=InnoDB DEFAULT CHARSET=utf8 COMMENT='ä»£ç ç”Ÿæˆä¸šåŠ¡è¡¨å­—æ®µ';

/*Data for the table `gen_table_column` */

/*Table structure for table `qrtz_blob_triggers` */

DROP TABLE IF EXISTS `qrtz_blob_triggers`;

CREATE TABLE `qrtz_blob_triggers` (
  `sched_name` varchar(120) NOT NULL,
  `trigger_name` varchar(200) NOT NULL,
  `trigger_group` varchar(200) NOT NULL,
  `blob_data` blob,
  PRIMARY KEY (`sched_name`,`trigger_name`,`trigger_group`),
  CONSTRAINT `qrtz_blob_triggers_ibfk_1` FOREIGN KEY (`sched_name`, `trigger_name`, `trigger_group`) REFERENCES `qrtz_triggers` (`sched_name`, `trigger_name`, `trigger_group`)
) ENGINE=InnoDB DEFAULT CHARSET=utf8;

/*Data for the table `qrtz_blob_triggers` */

/*Table structure for table `qrtz_calendars` */

DROP TABLE IF EXISTS `qrtz_calendars`;

CREATE TABLE `qrtz_calendars` (
  `sched_name` varchar(120) NOT NULL,
  `calendar_name` varchar(200) NOT NULL,
  `calendar` blob NOT NULL,
  PRIMARY KEY (`sched_name`,`calendar_name`)
) ENGINE=InnoDB DEFAULT CHARSET=utf8;

/*Data for the table `qrtz_calendars` */

/*Table structure for table `qrtz_cron_triggers` */

DROP TABLE IF EXISTS `qrtz_cron_triggers`;

CREATE TABLE `qrtz_cron_triggers` (
  `sched_name` varchar(120) NOT NULL,
  `trigger_name` varchar(200) NOT NULL,
  `trigger_group` varchar(200) NOT NULL,
  `cron_expression` varchar(200) NOT NULL,
  `time_zone_id` varchar(80) DEFAULT NULL,
  PRIMARY KEY (`sched_name`,`trigger_name`,`trigger_group`),
  CONSTRAINT `qrtz_cron_triggers_ibfk_1` FOREIGN KEY (`sched_name`, `trigger_name`, `trigger_group`) REFERENCES `qrtz_triggers` (`sched_name`, `trigger_name`, `trigger_group`)
) ENGINE=InnoDB DEFAULT CHARSET=utf8;

/*Data for the table `qrtz_cron_triggers` */

insert  into `qrtz_cron_triggers`(`sched_name`,`trigger_name`,`trigger_group`,`cron_expression`,`time_zone_id`) values ('RuoyiScheduler','TASK_CLASS_NAME1','DEFAULT','0/10 * * * * ?','Asia/Shanghai'),('RuoyiScheduler','TASK_CLASS_NAME2','DEFAULT','0/15 * * * * ?','Asia/Shanghai'),('RuoyiScheduler','TASK_CLASS_NAME3','DEFAULT','0/20 * * * * ?','Asia/Shanghai');

/*Table structure for table `qrtz_fired_triggers` */

DROP TABLE IF EXISTS `qrtz_fired_triggers`;

CREATE TABLE `qrtz_fired_triggers` (
  `sched_name` varchar(120) NOT NULL,
  `entry_id` varchar(95) NOT NULL,
  `trigger_name` varchar(200) NOT NULL,
  `trigger_group` varchar(200) NOT NULL,
  `instance_name` varchar(200) NOT NULL,
  `fired_time` bigint(13) NOT NULL,
  `sched_time` bigint(13) NOT NULL,
  `priority` int(11) NOT NULL,
  `state` varchar(16) NOT NULL,
  `job_name` varchar(200) DEFAULT NULL,
  `job_group` varchar(200) DEFAULT NULL,
  `is_nonconcurrent` varchar(1) DEFAULT NULL,
  `requests_recovery` varchar(1) DEFAULT NULL,
  PRIMARY KEY (`sched_name`,`entry_id`)
) ENGINE=InnoDB DEFAULT CHARSET=utf8;

/*Data for the table `qrtz_fired_triggers` */

/*Table structure for table `qrtz_job_details` */

DROP TABLE IF EXISTS `qrtz_job_details`;

CREATE TABLE `qrtz_job_details` (
  `sched_name` varchar(120) NOT NULL,
  `job_name` varchar(200) NOT NULL,
  `job_group` varchar(200) NOT NULL,
  `description` varchar(250) DEFAULT NULL,
  `job_class_name` varchar(250) NOT NULL,
  `is_durable` varchar(1) NOT NULL,
  `is_nonconcurrent` varchar(1) NOT NULL,
  `is_update_data` varchar(1) NOT NULL,
  `requests_recovery` varchar(1) NOT NULL,
  `job_data` blob,
  PRIMARY KEY (`sched_name`,`job_name`,`job_group`)
) ENGINE=InnoDB DEFAULT CHARSET=utf8;

/*Data for the table `qrtz_job_details` */

insert  into `qrtz_job_details`(`sched_name`,`job_name`,`job_group`,`description`,`job_class_name`,`is_durable`,`is_nonconcurrent`,`is_update_data`,`requests_recovery`,`job_data`) values ('RuoyiScheduler','TASK_CLASS_NAME1','DEFAULT',NULL,'com.ruoyi.quartz.util.QuartzDisallowConcurrentExecution','0','1','0','0','¬í\0sr\0org.quartz.JobDataMapŸ°ƒè¿©°Ë\0\0xr\0&org.quartz.utils.StringKeyDirtyFlagMap‚èÃûÅ](\0Z\0allowsTransientDataxr\0org.quartz.utils.DirtyFlagMapæ.­(v\nÎ\0Z\0dirtyL\0mapt\0Ljava/util/Map;xpsr\0java.util.HashMapÚÁÃ`Ñ\0F\0\nloadFactorI\0	thresholdxp?@\0\0\0\0\0w\0\0\0\0\0\0t\0TASK_PROPERTIESsr\0com.ruoyi.quartz.domain.SysJob\0\0\0\0\0\0\0\0L\0\nconcurrentt\0Ljava/lang/String;L\0cronExpressionq\0~\0	L\0invokeTargetq\0~\0	L\0jobGroupq\0~\0	L\0jobIdt\0Ljava/lang/Long;L\0jobNameq\0~\0	L\0\rmisfirePolicyq\0~\0	L\0statusq\0~\0	xr\0\'com.ruoyi.common.core.domain.BaseEntity\0\0\0\0\0\0\0\0L\0createByq\0~\0	L\0\ncreateTimet\0Ljava/util/Date;L\0paramsq\0~\0L\0remarkq\0~\0	L\0searchValueq\0~\0	L\0updateByq\0~\0	L\0\nupdateTimeq\0~\0xpt\0adminsr\0java.util.DatehjKYt\0\0xpw\0\0b,Ş)àxpt\0\0pppt\01t\00/10 * * * * ?t\0ryTask.ryNoParamst\0DEFAULTsr\0java.lang.Long;‹äÌ#ß\0J\0valuexr\0java.lang.Number†¬•”à‹\0\0xp\0\0\0\0\0\0\0t\0ç³»ç»Ÿé»˜è®¤ï¼ˆæ— å‚ï¼‰t\03t\01x\0'),('RuoyiScheduler','TASK_CLASS_NAME2','DEFAULT',NULL,'com.ruoyi.quartz.util.QuartzDisallowConcurrentExecution','0','1','0','0','¬í\0sr\0org.quartz.JobDataMapŸ°ƒè¿©°Ë\0\0xr\0&org.quartz.utils.StringKeyDirtyFlagMap‚èÃûÅ](\0Z\0allowsTransientDataxr\0org.quartz.utils.DirtyFlagMapæ.­(v\nÎ\0Z\0dirtyL\0mapt\0Ljava/util/Map;xpsr\0java.util.HashMapÚÁÃ`Ñ\0F\0\nloadFactorI\0	thresholdxp?@\0\0\0\0\0w\0\0\0\0\0\0t\0TASK_PROPERTIESsr\0com.ruoyi.quartz.domain.SysJob\0\0\0\0\0\0\0\0L\0\nconcurrentt\0Ljava/lang/String;L\0cronExpressionq\0~\0	L\0invokeTargetq\0~\0	L\0jobGroupq\0~\0	L\0jobIdt\0Ljava/lang/Long;L\0jobNameq\0~\0	L\0\rmisfirePolicyq\0~\0	L\0statusq\0~\0	xr\0\'com.ruoyi.common.core.domain.BaseEntity\0\0\0\0\0\0\0\0L\0createByq\0~\0	L\0\ncreateTimet\0Ljava/util/Date;L\0paramsq\0~\0L\0remarkq\0~\0	L\0searchValueq\0~\0	L\0updateByq\0~\0	L\0\nupdateTimeq\0~\0xpt\0adminsr\0java.util.DatehjKYt\0\0xpw\0\0b,Ş)àxpt\0\0pppt\01t\00/15 * * * * ?t\0ryTask.ryParams(\'ry\')t\0DEFAULTsr\0java.lang.Long;‹äÌ#ß\0J\0valuexr\0java.lang.Number†¬•”à‹\0\0xp\0\0\0\0\0\0\0t\0ç³»ç»Ÿé»˜è®¤ï¼ˆæœ‰å‚ï¼‰t\03t\01x\0'),('RuoyiScheduler','TASK_CLASS_NAME3','DEFAULT',NULL,'com.ruoyi.quartz.util.QuartzDisallowConcurrentExecution','0','1','0','0','¬í\0sr\0org.quartz.JobDataMapŸ°ƒè¿©°Ë\0\0xr\0&org.quartz.utils.StringKeyDirtyFlagMap‚èÃûÅ](\0Z\0allowsTransientDataxr\0org.quartz.utils.DirtyFlagMapæ.­(v\nÎ\0Z\0dirtyL\0mapt\0Ljava/util/Map;xpsr\0java.util.HashMapÚÁÃ`Ñ\0F\0\nloadFactorI\0	thresholdxp?@\0\0\0\0\0w\0\0\0\0\0\0t\0TASK_PROPERTIESsr\0com.ruoyi.quartz.domain.SysJob\0\0\0\0\0\0\0\0L\0\nconcurrentt\0Ljava/lang/String;L\0cronExpressionq\0~\0	L\0invokeTargetq\0~\0	L\0jobGroupq\0~\0	L\0jobIdt\0Ljava/lang/Long;L\0jobNameq\0~\0	L\0\rmisfirePolicyq\0~\0	L\0statusq\0~\0	xr\0\'com.ruoyi.common.core.domain.BaseEntity\0\0\0\0\0\0\0\0L\0createByq\0~\0	L\0\ncreateTimet\0Ljava/util/Date;L\0paramsq\0~\0L\0remarkq\0~\0	L\0searchValueq\0~\0	L\0updateByq\0~\0	L\0\nupdateTimeq\0~\0xpt\0adminsr\0java.util.DatehjKYt\0\0xpw\0\0b,Ş)àxpt\0\0pppt\01t\00/20 * * * * ?t\08ryTask.ryMultipleParams(\'ry\', true, 2000L, 316.50D, 100)t\0DEFAULTsr\0java.lang.Long;‹äÌ#ß\0J\0valuexr\0java.lang.Number†¬•”à‹\0\0xp\0\0\0\0\0\0\0t\0ç³»ç»Ÿé»˜è®¤ï¼ˆå¤šå‚ï¼‰t\03t\01x\0');

/*Table structure for table `qrtz_locks` */

DROP TABLE IF EXISTS `qrtz_locks`;

CREATE TABLE `qrtz_locks` (
  `sched_name` varchar(120) NOT NULL,
  `lock_name` varchar(40) NOT NULL,
  PRIMARY KEY (`sched_name`,`lock_name`)
) ENGINE=InnoDB DEFAULT CHARSET=utf8;

/*Data for the table `qrtz_locks` */

insert  into `qrtz_locks`(`sched_name`,`lock_name`) values ('RuoyiScheduler','STATE_ACCESS'),('RuoyiScheduler','TRIGGER_ACCESS');

/*Table structure for table `qrtz_paused_trigger_grps` */

DROP TABLE IF EXISTS `qrtz_paused_trigger_grps`;

CREATE TABLE `qrtz_paused_trigger_grps` (
  `sched_name` varchar(120) NOT NULL,
  `trigger_group` varchar(200) NOT NULL,
  PRIMARY KEY (`sched_name`,`trigger_group`)
) ENGINE=InnoDB DEFAULT CHARSET=utf8;

/*Data for the table `qrtz_paused_trigger_grps` */

/*Table structure for table `qrtz_scheduler_state` */

DROP TABLE IF EXISTS `qrtz_scheduler_state`;

CREATE TABLE `qrtz_scheduler_state` (
  `sched_name` varchar(120) NOT NULL,
  `instance_name` varchar(200) NOT NULL,
  `last_checkin_time` bigint(13) NOT NULL,
  `checkin_interval` bigint(13) NOT NULL,
  PRIMARY KEY (`sched_name`,`instance_name`)
) ENGINE=InnoDB DEFAULT CHARSET=utf8;

/*Data for the table `qrtz_scheduler_state` */

insert  into `qrtz_scheduler_state`(`sched_name`,`instance_name`,`last_checkin_time`,`checkin_interval`) values ('RuoyiScheduler','DESKTOP-FS9FVPQ1593763523956',1593766062691,15000);

/*Table structure for table `qrtz_simple_triggers` */

DROP TABLE IF EXISTS `qrtz_simple_triggers`;

CREATE TABLE `qrtz_simple_triggers` (
  `sched_name` varchar(120) NOT NULL,
  `trigger_name` varchar(200) NOT NULL,
  `trigger_group` varchar(200) NOT NULL,
  `repeat_count` bigint(7) NOT NULL,
  `repeat_interval` bigint(12) NOT NULL,
  `times_triggered` bigint(10) NOT NULL,
  PRIMARY KEY (`sched_name`,`trigger_name`,`trigger_group`),
  CONSTRAINT `qrtz_simple_triggers_ibfk_1` FOREIGN KEY (`sched_name`, `trigger_name`, `trigger_group`) REFERENCES `qrtz_triggers` (`sched_name`, `trigger_name`, `trigger_group`)
) ENGINE=InnoDB DEFAULT CHARSET=utf8;

/*Data for the table `qrtz_simple_triggers` */

/*Table structure for table `qrtz_simprop_triggers` */

DROP TABLE IF EXISTS `qrtz_simprop_triggers`;

CREATE TABLE `qrtz_simprop_triggers` (
  `sched_name` varchar(120) NOT NULL,
  `trigger_name` varchar(200) NOT NULL,
  `trigger_group` varchar(200) NOT NULL,
  `str_prop_1` varchar(512) DEFAULT NULL,
  `str_prop_2` varchar(512) DEFAULT NULL,
  `str_prop_3` varchar(512) DEFAULT NULL,
  `int_prop_1` int(11) DEFAULT NULL,
  `int_prop_2` int(11) DEFAULT NULL,
  `long_prop_1` bigint(20) DEFAULT NULL,
  `long_prop_2` bigint(20) DEFAULT NULL,
  `dec_prop_1` decimal(13,4) DEFAULT NULL,
  `dec_prop_2` decimal(13,4) DEFAULT NULL,
  `bool_prop_1` varchar(1) DEFAULT NULL,
  `bool_prop_2` varchar(1) DEFAULT NULL,
  PRIMARY KEY (`sched_name`,`trigger_name`,`trigger_group`),
  CONSTRAINT `qrtz_simprop_triggers_ibfk_1` FOREIGN KEY (`sched_name`, `trigger_name`, `trigger_group`) REFERENCES `qrtz_triggers` (`sched_name`, `trigger_name`, `trigger_group`)
) ENGINE=InnoDB DEFAULT CHARSET=utf8;

/*Data for the table `qrtz_simprop_triggers` */

/*Table structure for table `qrtz_triggers` */

DROP TABLE IF EXISTS `qrtz_triggers`;

CREATE TABLE `qrtz_triggers` (
  `sched_name` varchar(120) NOT NULL,
  `trigger_name` varchar(200) NOT NULL,
  `trigger_group` varchar(200) NOT NULL,
  `job_name` varchar(200) NOT NULL,
  `job_group` varchar(200) NOT NULL,
  `description` varchar(250) DEFAULT NULL,
  `next_fire_time` bigint(13) DEFAULT NULL,
  `prev_fire_time` bigint(13) DEFAULT NULL,
  `priority` int(11) DEFAULT NULL,
  `trigger_state` varchar(16) NOT NULL,
  `trigger_type` varchar(8) NOT NULL,
  `start_time` bigint(13) NOT NULL,
  `end_time` bigint(13) DEFAULT NULL,
  `calendar_name` varchar(200) DEFAULT NULL,
  `misfire_instr` smallint(2) DEFAULT NULL,
  `job_data` blob,
  PRIMARY KEY (`sched_name`,`trigger_name`,`trigger_group`),
  KEY `sched_name` (`sched_name`,`job_name`,`job_group`),
  CONSTRAINT `qrtz_triggers_ibfk_1` FOREIGN KEY (`sched_name`, `job_name`, `job_group`) REFERENCES `qrtz_job_details` (`sched_name`, `job_name`, `job_group`)
) ENGINE=InnoDB DEFAULT CHARSET=utf8;

/*Data for the table `qrtz_triggers` */

insert  into `qrtz_triggers`(`sched_name`,`trigger_name`,`trigger_group`,`job_name`,`job_group`,`description`,`next_fire_time`,`prev_fire_time`,`priority`,`trigger_state`,`trigger_type`,`start_time`,`end_time`,`calendar_name`,`misfire_instr`,`job_data`) values ('RuoyiScheduler','TASK_CLASS_NAME1','DEFAULT','TASK_CLASS_NAME1','DEFAULT',NULL,1593763530000,-1,5,'PAUSED','CRON',1593763524000,0,NULL,2,''),('RuoyiScheduler','TASK_CLASS_NAME2','DEFAULT','TASK_CLASS_NAME2','DEFAULT',NULL,1593763530000,-1,5,'PAUSED','CRON',1593763524000,0,NULL,2,''),('RuoyiScheduler','TASK_CLASS_NAME3','DEFAULT','TASK_CLASS_NAME3','DEFAULT',NULL,1593763540000,-1,5,'PAUSED','CRON',1593763524000,0,NULL,2,'');

/*Table structure for table `sys_config` */

DROP TABLE IF EXISTS `sys_config`;

CREATE TABLE `sys_config` (
  `config_id` int(5) NOT NULL AUTO_INCREMENT COMMENT 'å‚æ•°ä¸»é”®',
  `config_name` varchar(100) DEFAULT '' COMMENT 'å‚æ•°åç§°',
  `config_key` varchar(100) DEFAULT '' COMMENT 'å‚æ•°é”®å',
  `config_value` varchar(500) DEFAULT '' COMMENT 'å‚æ•°é”®å€¼',
  `config_type` char(1) DEFAULT 'N' COMMENT 'ç³»ç»Ÿå†…ç½®ï¼ˆYæ˜¯ Nå¦ï¼‰',
  `create_by` varchar(64) DEFAULT '' COMMENT 'åˆ›å»ºè€…',
  `create_time` datetime DEFAULT NULL COMMENT 'åˆ›å»ºæ—¶é—´',
  `update_by` varchar(64) DEFAULT '' COMMENT 'æ›´æ–°è€…',
  `update_time` datetime DEFAULT NULL COMMENT 'æ›´æ–°æ—¶é—´',
  `remark` varchar(500) DEFAULT NULL COMMENT 'å¤‡æ³¨',
  PRIMARY KEY (`config_id`)
) ENGINE=InnoDB AUTO_INCREMENT=5 DEFAULT CHARSET=utf8 COMMENT='å‚æ•°é…ç½®è¡¨';

/*Data for the table `sys_config` */

insert  into `sys_config`(`config_id`,`config_name`,`config_key`,`config_value`,`config_type`,`create_by`,`create_time`,`update_by`,`update_time`,`remark`) values (1,'ä¸»æ¡†æ¶é¡µ-é»˜è®¤çš®è‚¤æ ·å¼åç§°','sys.index.skinName','skin-blue','Y','admin','2018-03-16 11:33:00','ry','2018-03-16 11:33:00','è“è‰² skin-blueã€ç»¿è‰² skin-greenã€ç´«è‰² skin-purpleã€çº¢è‰² skin-redã€é»„è‰² skin-yellow'),(2,'ç”¨æˆ·ç®¡ç†-è´¦å·åˆå§‹å¯†ç ','sys.user.initPassword','123456','Y','admin','2018-03-16 11:33:00','ry','2018-03-16 11:33:00','åˆå§‹åŒ–å¯†ç  123456'),(3,'ä¸»æ¡†æ¶é¡µ-ä¾§è¾¹æ ä¸»é¢˜','sys.index.sideTheme','theme-dark','Y','admin','2018-03-16 11:33:00','ry','2018-03-16 11:33:00','æ·±é»‘ä¸»é¢˜theme-darkï¼Œæµ…è‰²ä¸»é¢˜theme-lightï¼Œæ·±è“ä¸»é¢˜theme-blue'),(4,'è´¦å·è‡ªåŠ©-æ˜¯å¦å¼€å¯ç”¨æˆ·æ³¨å†ŒåŠŸèƒ½','sys.account.registerUser','false','Y','admin','2018-03-16 11:33:00','ry','2018-03-16 11:33:00','æ˜¯å¦å¼€å¯æ³¨å†Œç”¨æˆ·åŠŸèƒ½');

/*Table structure for table `sys_dept` */

DROP TABLE IF EXISTS `sys_dept`;

CREATE TABLE `sys_dept` (
  `dept_id` bigint(20) NOT NULL AUTO_INCREMENT COMMENT 'éƒ¨é—¨id',
  `parent_id` bigint(20) DEFAULT '0' COMMENT 'çˆ¶éƒ¨é—¨id',
  `ancestors` varchar(50) DEFAULT '' COMMENT 'ç¥–çº§åˆ—è¡¨',
  `dept_code` varchar(100) DEFAULT NULL COMMENT 'éƒ¨é—¨ä»£ç ï¼ˆå”¯ä¸€ï¼‰',
  `dept_name` varchar(30) DEFAULT '' COMMENT 'éƒ¨é—¨åç§°',
  `dept_type` int(20) DEFAULT NULL COMMENT 'ç»„ç»‡ç±»å‹',
  `order_num` int(4) DEFAULT '0' COMMENT 'æ˜¾ç¤ºé¡ºåº',
  `leader` varchar(20) DEFAULT NULL COMMENT 'è´Ÿè´£äºº',
  `phone` varchar(11) DEFAULT NULL COMMENT 'è”ç³»ç”µè¯',
  `email` varchar(50) DEFAULT NULL COMMENT 'é‚®ç®±',
  `status` char(1) DEFAULT '0' COMMENT 'éƒ¨é—¨çŠ¶æ€ï¼ˆ0æ­£å¸¸ 1åœç”¨ï¼‰',
  `del_flag` char(1) DEFAULT '0' COMMENT 'åˆ é™¤æ ‡å¿—ï¼ˆ0ä»£è¡¨å­˜åœ¨ 2ä»£è¡¨åˆ é™¤ï¼‰',
  `create_by` varchar(64) DEFAULT '' COMMENT 'åˆ›å»ºè€…',
  `create_time` datetime DEFAULT NULL COMMENT 'åˆ›å»ºæ—¶é—´',
  `update_by` varchar(64) DEFAULT '' COMMENT 'æ›´æ–°è€…',
  `update_time` datetime DEFAULT NULL COMMENT 'æ›´æ–°æ—¶é—´',
  PRIMARY KEY (`dept_id`)
) ENGINE=InnoDB AUTO_INCREMENT=202 DEFAULT CHARSET=utf8 COMMENT='éƒ¨é—¨è¡¨';

/*Data for the table `sys_dept` */

insert  into `sys_dept`(`dept_id`,`parent_id`,`ancestors`,`dept_code`,`dept_name`,`dept_type`,`order_num`,`leader`,`phone`,`email`,`status`,`del_flag`,`create_by`,`create_time`,`update_by`,`update_time`) values (100,0,'0','10001','æµ·äº‘å¤©ç§‘æŠ€',1,0,'XXX','15888888888','cy@cntest.com','0','0','admin','2018-03-16 11:33:00','admin','2020-07-02 10:36:57'),(101,100,'0,100','1000101','æ·±åœ³æ€»å…¬å¸',2,1,'è‹¥ä¾','15888888888','ry@qq.com','0','0','admin','2018-03-16 11:33:00','admin','2020-07-02 10:36:57'),(102,100,'0,100','1000102','é•¿æ²™åˆ†å…¬å¸',2,2,'è‹¥ä¾','15888888888','ry@qq.com','0','0','admin','2018-03-16 11:33:00','ry','2018-03-16 11:33:00'),(103,101,'0,100,101','100010101','ç ”å‘éƒ¨é—¨',3,1,'è‹¥ä¾','15888888888','ry@qq.com','0','0','admin','2018-03-16 11:33:00','ry','2018-03-16 11:33:00'),(104,101,'0,100,101','100010102','å¸‚åœºéƒ¨é—¨',3,2,'è‹¥ä¾','15888888888','ry@qq.com','0','0','admin','2018-03-16 11:33:00','ry','2018-03-16 11:33:00'),(105,101,'0,100,101','100010103','æµ‹è¯•éƒ¨é—¨',3,3,'è‹¥ä¾','15888888888','ry@qq.com','0','0','admin','2018-03-16 11:33:00','ry','2018-03-16 11:33:00'),(106,101,'0,100,101','100010104','è´¢åŠ¡éƒ¨é—¨',3,4,'è‹¥ä¾','15888888888','ry@qq.com','0','0','admin','2018-03-16 11:33:00','ry','2018-03-16 11:33:00'),(107,101,'0,100,101','100010105','è¿ç»´éƒ¨é—¨',3,5,'è‹¥ä¾','15888888888','ry@qq.com','0','0','admin','2018-03-16 11:33:00','ry','2018-03-16 11:33:00'),(108,102,'0,100,102','100010201','å¸‚åœºéƒ¨é—¨',3,1,'è‹¥ä¾','15888888888','ry@qq.com','0','0','admin','2018-03-16 11:33:00','ry','2018-03-16 11:33:00'),(109,102,'0,100,102','100010202','è´¢åŠ¡éƒ¨é—¨',3,2,'è‹¥ä¾','15888888888','ry@qq.com','0','0','admin','2018-03-16 11:33:00','ry','2018-03-16 11:33:00'),(200,103,'0,100,101,103','1234567','æµ‹è¯•æ–°å¢',3,4,'1',NULL,NULL,'0','2','admin','2020-07-02 10:45:54','',NULL),(201,100,'0,100','11111','13231',2,4,NULL,NULL,NULL,'0','2','admin','2020-07-02 14:19:12','',NULL);

/*Table structure for table `sys_dept_type` */

DROP TABLE IF EXISTS `sys_dept_type`;

CREATE TABLE `sys_dept_type` (
  `id` bigint(11) NOT NULL COMMENT 'ç»„ç»‡ç±»å‹Id',
  `name` varchar(50) DEFAULT NULL COMMENT 'ç»„ç»‡ç±»å‹åç§°',
  `orderNum` bigint(11) DEFAULT NULL COMMENT 'æ’åº',
  PRIMARY KEY (`id`)
) ENGINE=InnoDB DEFAULT CHARSET=utf8;

/*Data for the table `sys_dept_type` */

insert  into `sys_dept_type`(`id`,`name`,`orderNum`) values (1,'ä¸€çº§ç»„ç»‡',11),(2,'äºŒçº§ç»„ç»‡',12),(3,'ä¸‰çº§ç»„ç»‡',13),(4,'å››çº§ç»„ç»‡',14),(5,'äº”çº§ç»„ç»‡',15);

/*Table structure for table `sys_dict_data` */

DROP TABLE IF EXISTS `sys_dict_data`;

CREATE TABLE `sys_dict_data` (
  `dict_code` bigint(20) NOT NULL AUTO_INCREMENT COMMENT 'å­—å…¸ç¼–ç ',
  `dict_sort` int(4) DEFAULT '0' COMMENT 'å­—å…¸æ’åº',
  `dict_label` varchar(100) DEFAULT '' COMMENT 'å­—å…¸æ ‡ç­¾',
  `dict_value` varchar(100) DEFAULT '' COMMENT 'å­—å…¸é”®å€¼',
  `dict_type` varchar(100) DEFAULT '' COMMENT 'å­—å…¸ç±»å‹',
  `css_class` varchar(100) DEFAULT NULL COMMENT 'æ ·å¼å±æ€§ï¼ˆå…¶ä»–æ ·å¼æ‰©å±•ï¼‰',
  `list_class` varchar(100) DEFAULT NULL COMMENT 'è¡¨æ ¼å›æ˜¾æ ·å¼',
  `is_default` char(1) DEFAULT 'N' COMMENT 'æ˜¯å¦é»˜è®¤ï¼ˆYæ˜¯ Nå¦ï¼‰',
  `status` char(1) DEFAULT '0' COMMENT 'çŠ¶æ€ï¼ˆ0æ­£å¸¸ 1åœç”¨ï¼‰',
  `create_by` varchar(64) DEFAULT '' COMMENT 'åˆ›å»ºè€…',
  `create_time` datetime DEFAULT NULL COMMENT 'åˆ›å»ºæ—¶é—´',
  `update_by` varchar(64) DEFAULT '' COMMENT 'æ›´æ–°è€…',
  `update_time` datetime DEFAULT NULL COMMENT 'æ›´æ–°æ—¶é—´',
  `remark` varchar(500) DEFAULT NULL COMMENT 'å¤‡æ³¨',
  PRIMARY KEY (`dict_code`)
) ENGINE=InnoDB AUTO_INCREMENT=30 DEFAULT CHARSET=utf8 COMMENT='å­—å…¸æ•°æ®è¡¨';

/*Data for the table `sys_dict_data` */

insert  into `sys_dict_data`(`dict_code`,`dict_sort`,`dict_label`,`dict_value`,`dict_type`,`css_class`,`list_class`,`is_default`,`status`,`create_by`,`create_time`,`update_by`,`update_time`,`remark`) values (1,1,'ç”·','0','sys_user_sex','','','Y','0','admin','2018-03-16 11:33:00','ry','2018-03-16 11:33:00','æ€§åˆ«ç”·'),(2,2,'å¥³','1','sys_user_sex','','','N','0','admin','2018-03-16 11:33:00','ry','2018-03-16 11:33:00','æ€§åˆ«å¥³'),(3,3,'æœªçŸ¥','2','sys_user_sex','','','N','0','admin','2018-03-16 11:33:00','ry','2018-03-16 11:33:00','æ€§åˆ«æœªçŸ¥'),(4,1,'æ˜¾ç¤º','0','sys_show_hide','','primary','Y','0','admin','2018-03-16 11:33:00','ry','2018-03-16 11:33:00','æ˜¾ç¤ºèœå•'),(5,2,'éšè—','1','sys_show_hide','','danger','N','0','admin','2018-03-16 11:33:00','ry','2018-03-16 11:33:00','éšè—èœå•'),(6,1,'æ­£å¸¸','0','sys_normal_disable','','primary','Y','0','admin','2018-03-16 11:33:00','ry','2018-03-16 11:33:00','æ­£å¸¸çŠ¶æ€'),(7,2,'åœç”¨','1','sys_normal_disable','','danger','N','0','admin','2018-03-16 11:33:00','ry','2018-03-16 11:33:00','åœç”¨çŠ¶æ€'),(8,1,'æ­£å¸¸','0','sys_job_status','','primary','Y','0','admin','2018-03-16 11:33:00','ry','2018-03-16 11:33:00','æ­£å¸¸çŠ¶æ€'),(9,2,'æš‚åœ','1','sys_job_status','','danger','N','0','admin','2018-03-16 11:33:00','ry','2018-03-16 11:33:00','åœç”¨çŠ¶æ€'),(10,1,'é»˜è®¤','DEFAULT','sys_job_group','','','Y','0','admin','2018-03-16 11:33:00','ry','2018-03-16 11:33:00','é»˜è®¤åˆ†ç»„'),(11,2,'ç³»ç»Ÿ','SYSTEM','sys_job_group','','','N','0','admin','2018-03-16 11:33:00','ry','2018-03-16 11:33:00','ç³»ç»Ÿåˆ†ç»„'),(12,1,'æ˜¯','Y','sys_yes_no','','primary','Y','0','admin','2018-03-16 11:33:00','ry','2018-03-16 11:33:00','ç³»ç»Ÿé»˜è®¤æ˜¯'),(13,2,'å¦','N','sys_yes_no','','danger','N','0','admin','2018-03-16 11:33:00','ry','2018-03-16 11:33:00','ç³»ç»Ÿé»˜è®¤å¦'),(14,1,'é€šçŸ¥','1','sys_notice_type','','warning','Y','0','admin','2018-03-16 11:33:00','ry','2018-03-16 11:33:00','é€šçŸ¥'),(15,2,'å…¬å‘Š','2','sys_notice_type','','success','N','0','admin','2018-03-16 11:33:00','ry','2018-03-16 11:33:00','å…¬å‘Š'),(16,1,'æ­£å¸¸','0','sys_notice_status','','primary','Y','0','admin','2018-03-16 11:33:00','ry','2018-03-16 11:33:00','æ­£å¸¸çŠ¶æ€'),(17,2,'å…³é—­','1','sys_notice_status','','danger','N','0','admin','2018-03-16 11:33:00','ry','2018-03-16 11:33:00','å…³é—­çŠ¶æ€'),(18,99,'å…¶ä»–','0','sys_oper_type','','info','N','0','admin','2018-03-16 11:33:00','ry','2018-03-16 11:33:00','å…¶ä»–æ“ä½œ'),(19,1,'æ–°å¢','1','sys_oper_type','','info','N','0','admin','2018-03-16 11:33:00','ry','2018-03-16 11:33:00','æ–°å¢æ“ä½œ'),(20,2,'ä¿®æ”¹','2','sys_oper_type','','info','N','0','admin','2018-03-16 11:33:00','ry','2018-03-16 11:33:00','ä¿®æ”¹æ“ä½œ'),(21,3,'åˆ é™¤','3','sys_oper_type','','danger','N','0','admin','2018-03-16 11:33:00','ry','2018-03-16 11:33:00','åˆ é™¤æ“ä½œ'),(22,4,'æˆæƒ','4','sys_oper_type','','primary','N','0','admin','2018-03-16 11:33:00','ry','2018-03-16 11:33:00','æˆæƒæ“ä½œ'),(23,5,'å¯¼å‡º','5','sys_oper_type','','warning','N','0','admin','2018-03-16 11:33:00','ry','2018-03-16 11:33:00','å¯¼å‡ºæ“ä½œ'),(24,6,'å¯¼å…¥','6','sys_oper_type','','warning','N','0','admin','2018-03-16 11:33:00','ry','2018-03-16 11:33:00','å¯¼å…¥æ“ä½œ'),(25,7,'å¼ºé€€','7','sys_oper_type','','danger','N','0','admin','2018-03-16 11:33:00','ry','2018-03-16 11:33:00','å¼ºé€€æ“ä½œ'),(26,8,'ç”Ÿæˆä»£ç ','8','sys_oper_type','','warning','N','0','admin','2018-03-16 11:33:00','ry','2018-03-16 11:33:00','ç”Ÿæˆæ“ä½œ'),(27,9,'æ¸…ç©ºæ•°æ®','9','sys_oper_type','','danger','N','0','admin','2018-03-16 11:33:00','ry','2018-03-16 11:33:00','æ¸…ç©ºæ“ä½œ'),(28,1,'æˆåŠŸ','0','sys_common_status','','primary','N','0','admin','2018-03-16 11:33:00','ry','2018-03-16 11:33:00','æ­£å¸¸çŠ¶æ€'),(29,2,'å¤±è´¥','1','sys_common_status','','danger','N','0','admin','2018-03-16 11:33:00','ry','2018-03-16 11:33:00','åœç”¨çŠ¶æ€');

/*Table structure for table `sys_dict_type` */

DROP TABLE IF EXISTS `sys_dict_type`;

CREATE TABLE `sys_dict_type` (
  `dict_id` bigint(20) NOT NULL AUTO_INCREMENT COMMENT 'å­—å…¸ä¸»é”®',
  `dict_name` varchar(100) DEFAULT '' COMMENT 'å­—å…¸åç§°',
  `dict_type` varchar(100) DEFAULT '' COMMENT 'å­—å…¸ç±»å‹',
  `status` char(1) DEFAULT '0' COMMENT 'çŠ¶æ€ï¼ˆ0æ­£å¸¸ 1åœç”¨ï¼‰',
  `create_by` varchar(64) DEFAULT '' COMMENT 'åˆ›å»ºè€…',
  `create_time` datetime DEFAULT NULL COMMENT 'åˆ›å»ºæ—¶é—´',
  `update_by` varchar(64) DEFAULT '' COMMENT 'æ›´æ–°è€…',
  `update_time` datetime DEFAULT NULL COMMENT 'æ›´æ–°æ—¶é—´',
  `remark` varchar(500) DEFAULT NULL COMMENT 'å¤‡æ³¨',
  PRIMARY KEY (`dict_id`),
  UNIQUE KEY `dict_type` (`dict_type`)
) ENGINE=InnoDB AUTO_INCREMENT=11 DEFAULT CHARSET=utf8 COMMENT='å­—å…¸ç±»å‹è¡¨';

/*Data for the table `sys_dict_type` */

insert  into `sys_dict_type`(`dict_id`,`dict_name`,`dict_type`,`status`,`create_by`,`create_time`,`update_by`,`update_time`,`remark`) values (1,'ç”¨æˆ·æ€§åˆ«','sys_user_sex','0','admin','2018-03-16 11:33:00','ry','2018-03-16 11:33:00','ç”¨æˆ·æ€§åˆ«åˆ—è¡¨'),(2,'èœå•çŠ¶æ€','sys_show_hide','0','admin','2018-03-16 11:33:00','ry','2018-03-16 11:33:00','èœå•çŠ¶æ€åˆ—è¡¨'),(3,'ç³»ç»Ÿå¼€å…³','sys_normal_disable','0','admin','2018-03-16 11:33:00','ry','2018-03-16 11:33:00','ç³»ç»Ÿå¼€å…³åˆ—è¡¨'),(4,'ä»»åŠ¡çŠ¶æ€','sys_job_status','0','admin','2018-03-16 11:33:00','ry','2018-03-16 11:33:00','ä»»åŠ¡çŠ¶æ€åˆ—è¡¨'),(5,'ä»»åŠ¡åˆ†ç»„','sys_job_group','0','admin','2018-03-16 11:33:00','ry','2018-03-16 11:33:00','ä»»åŠ¡åˆ†ç»„åˆ—è¡¨'),(6,'ç³»ç»Ÿæ˜¯å¦','sys_yes_no','0','admin','2018-03-16 11:33:00','ry','2018-03-16 11:33:00','ç³»ç»Ÿæ˜¯å¦åˆ—è¡¨'),(7,'é€šçŸ¥ç±»å‹','sys_notice_type','0','admin','2018-03-16 11:33:00','ry','2018-03-16 11:33:00','é€šçŸ¥ç±»å‹åˆ—è¡¨'),(8,'é€šçŸ¥çŠ¶æ€','sys_notice_status','0','admin','2018-03-16 11:33:00','ry','2018-03-16 11:33:00','é€šçŸ¥çŠ¶æ€åˆ—è¡¨'),(9,'æ“ä½œç±»å‹','sys_oper_type','0','admin','2018-03-16 11:33:00','ry','2018-03-16 11:33:00','æ“ä½œç±»å‹åˆ—è¡¨'),(10,'ç³»ç»ŸçŠ¶æ€','sys_common_status','0','admin','2018-03-16 11:33:00','ry','2018-03-16 11:33:00','ç™»å½•çŠ¶æ€åˆ—è¡¨');

/*Table structure for table `sys_job` */

DROP TABLE IF EXISTS `sys_job`;

CREATE TABLE `sys_job` (
  `job_id` bigint(20) NOT NULL AUTO_INCREMENT COMMENT 'ä»»åŠ¡ID',
  `job_name` varchar(64) NOT NULL DEFAULT '' COMMENT 'ä»»åŠ¡åç§°',
  `job_group` varchar(64) NOT NULL DEFAULT 'DEFAULT' COMMENT 'ä»»åŠ¡ç»„å',
  `invoke_target` varchar(500) NOT NULL COMMENT 'è°ƒç”¨ç›®æ ‡å­—ç¬¦ä¸²',
  `cron_expression` varchar(255) DEFAULT '' COMMENT 'cronæ‰§è¡Œè¡¨è¾¾å¼',
  `misfire_policy` varchar(20) DEFAULT '3' COMMENT 'è®¡åˆ’æ‰§è¡Œé”™è¯¯ç­–ç•¥ï¼ˆ1ç«‹å³æ‰§è¡Œ 2æ‰§è¡Œä¸€æ¬¡ 3æ”¾å¼ƒæ‰§è¡Œï¼‰',
  `concurrent` char(1) DEFAULT '1' COMMENT 'æ˜¯å¦å¹¶å‘æ‰§è¡Œï¼ˆ0å…è®¸ 1ç¦æ­¢ï¼‰',
  `status` char(1) DEFAULT '0' COMMENT 'çŠ¶æ€ï¼ˆ0æ­£å¸¸ 1æš‚åœï¼‰',
  `create_by` varchar(64) DEFAULT '' COMMENT 'åˆ›å»ºè€…',
  `create_time` datetime DEFAULT NULL COMMENT 'åˆ›å»ºæ—¶é—´',
  `update_by` varchar(64) DEFAULT '' COMMENT 'æ›´æ–°è€…',
  `update_time` datetime DEFAULT NULL COMMENT 'æ›´æ–°æ—¶é—´',
  `remark` varchar(500) DEFAULT '' COMMENT 'å¤‡æ³¨ä¿¡æ¯',
  PRIMARY KEY (`job_id`,`job_name`,`job_group`)
) ENGINE=InnoDB AUTO_INCREMENT=4 DEFAULT CHARSET=utf8 COMMENT='å®šæ—¶ä»»åŠ¡è°ƒåº¦è¡¨';

/*Data for the table `sys_job` */

insert  into `sys_job`(`job_id`,`job_name`,`job_group`,`invoke_target`,`cron_expression`,`misfire_policy`,`concurrent`,`status`,`create_by`,`create_time`,`update_by`,`update_time`,`remark`) values (1,'ç³»ç»Ÿé»˜è®¤ï¼ˆæ— å‚ï¼‰','DEFAULT','ryTask.ryNoParams','0/10 * * * * ?','3','1','1','admin','2018-03-16 11:33:00','ry','2018-03-16 11:33:00',''),(2,'ç³»ç»Ÿé»˜è®¤ï¼ˆæœ‰å‚ï¼‰','DEFAULT','ryTask.ryParams(\'ry\')','0/15 * * * * ?','3','1','1','admin','2018-03-16 11:33:00','ry','2018-03-16 11:33:00',''),(3,'ç³»ç»Ÿé»˜è®¤ï¼ˆå¤šå‚ï¼‰','DEFAULT','ryTask.ryMultipleParams(\'ry\', true, 2000L, 316.50D, 100)','0/20 * * * * ?','3','1','1','admin','2018-03-16 11:33:00','ry','2018-03-16 11:33:00','');

/*Table structure for table `sys_job_log` */

DROP TABLE IF EXISTS `sys_job_log`;

CREATE TABLE `sys_job_log` (
  `job_log_id` bigint(20) NOT NULL AUTO_INCREMENT COMMENT 'ä»»åŠ¡æ—¥å¿—ID',
  `job_name` varchar(64) NOT NULL COMMENT 'ä»»åŠ¡åç§°',
  `job_group` varchar(64) NOT NULL COMMENT 'ä»»åŠ¡ç»„å',
  `invoke_target` varchar(500) NOT NULL COMMENT 'è°ƒç”¨ç›®æ ‡å­—ç¬¦ä¸²',
  `job_message` varchar(500) DEFAULT NULL COMMENT 'æ—¥å¿—ä¿¡æ¯',
  `status` char(1) DEFAULT '0' COMMENT 'æ‰§è¡ŒçŠ¶æ€ï¼ˆ0æ­£å¸¸ 1å¤±è´¥ï¼‰',
  `exception_info` varchar(2000) DEFAULT '' COMMENT 'å¼‚å¸¸ä¿¡æ¯',
  `create_time` datetime DEFAULT NULL COMMENT 'åˆ›å»ºæ—¶é—´',
  PRIMARY KEY (`job_log_id`)
) ENGINE=InnoDB DEFAULT CHARSET=utf8 COMMENT='å®šæ—¶ä»»åŠ¡è°ƒåº¦æ—¥å¿—è¡¨';

/*Data for the table `sys_job_log` */

/*Table structure for table `sys_logininfor` */

DROP TABLE IF EXISTS `sys_logininfor`;

CREATE TABLE `sys_logininfor` (
  `info_id` bigint(20) NOT NULL AUTO_INCREMENT COMMENT 'è®¿é—®ID',
  `login_name` varchar(50) DEFAULT '' COMMENT 'ç™»å½•è´¦å·',
  `ipaddr` varchar(50) DEFAULT '' COMMENT 'ç™»å½•IPåœ°å€',
  `login_location` varchar(255) DEFAULT '' COMMENT 'ç™»å½•åœ°ç‚¹',
  `browser` varchar(50) DEFAULT '' COMMENT 'æµè§ˆå™¨ç±»å‹',
  `os` varchar(50) DEFAULT '' COMMENT 'æ“ä½œç³»ç»Ÿ',
  `status` char(1) DEFAULT '0' COMMENT 'ç™»å½•çŠ¶æ€ï¼ˆ0æˆåŠŸ 1å¤±è´¥ï¼‰',
  `msg` varchar(255) DEFAULT '' COMMENT 'æç¤ºæ¶ˆæ¯',
  `login_time` datetime DEFAULT NULL COMMENT 'è®¿é—®æ—¶é—´',
  PRIMARY KEY (`info_id`)
) ENGINE=InnoDB AUTO_INCREMENT=140 DEFAULT CHARSET=utf8 COMMENT='ç³»ç»Ÿè®¿é—®è®°å½•';

/*Data for the table `sys_logininfor` */

insert  into `sys_logininfor`(`info_id`,`login_name`,`ipaddr`,`login_location`,`browser`,`os`,`status`,`msg`,`login_time`) values (100,'admin','127.0.0.1','å†…ç½‘IP','Chrome 8','Windows 10','1','éªŒè¯ç é”™è¯¯','2020-07-01 16:57:08'),(101,'admin','127.0.0.1','å†…ç½‘IP','Chrome 8','Windows 10','1','éªŒè¯ç é”™è¯¯','2020-07-01 16:57:11'),(102,'admin','127.0.0.1','å†…ç½‘IP','Chrome 8','Windows 10','0','ç™»å½•æˆåŠŸ','2020-07-01 16:57:19'),(103,'ruyi','192.168.1.100','å†…ç½‘IP','Chrome','Windows 10','1','éªŒè¯ç é”™è¯¯','2020-07-01 17:04:22'),(104,'ruyi','192.168.1.100','å†…ç½‘IP','Chrome','Windows 10','1','éªŒè¯ç é”™è¯¯','2020-07-01 17:04:29'),(105,'ruyi','192.168.1.100','å†…ç½‘IP','Chrome','Windows 10','1','éªŒè¯ç é”™è¯¯','2020-07-01 17:04:34'),(106,'ruyi','192.168.1.100','å†…ç½‘IP','Chrome','Windows 10','1','ç”¨æˆ·ä¸å­˜åœ¨/å¯†ç é”™è¯¯','2020-07-01 17:04:38'),(107,'ry','192.168.1.100','å†…ç½‘IP','Chrome','Windows 10','0','ç™»å½•æˆåŠŸ','2020-07-01 17:04:46'),(108,'ry','192.168.1.100','å†…ç½‘IP','Chrome','Windows 10','1','éªŒè¯ç é”™è¯¯','2020-07-01 17:06:07'),(109,'ry','192.168.1.100','å†…ç½‘IP','Chrome','Windows 10','0','ç™»å½•æˆåŠŸ','2020-07-01 17:06:11'),(110,'ry','192.168.1.100','å†…ç½‘IP','Chrome','Windows 10','0','é€€å‡ºæˆåŠŸ','2020-07-01 17:10:51'),(111,'admin','127.0.0.1','å†…ç½‘IP','Chrome 8','Windows 10','0','é€€å‡ºæˆåŠŸ','2020-07-01 17:34:44'),(112,'admin','127.0.0.1','å†…ç½‘IP','Chrome 8','Windows 10','0','é€€å‡ºæˆåŠŸ','2020-07-03 14:08:33'),(113,'admin','127.0.0.1','å†…ç½‘IP','Chrome 8','Windows 10','1','éªŒè¯ç é”™è¯¯','2020-07-03 14:08:49'),(114,'admin','127.0.0.1','å†…ç½‘IP','Chrome 8','Windows 10','0','ç™»å½•æˆåŠŸ','2020-07-03 14:09:02'),(115,'admin','127.0.0.1','å†…ç½‘IP','Chrome 8','Windows 10','0','é€€å‡ºæˆåŠŸ','2020-07-03 15:04:26'),(116,'admin','127.0.0.1','å†…ç½‘IP','Chrome 8','Windows 10','0','é€€å‡ºæˆåŠŸ','2020-07-03 15:04:26'),(117,'admin','127.0.0.1','å†…ç½‘IP','Chrome 8','Windows 10','1','22222222222','2020-07-03 15:04:39'),(118,'admin','127.0.0.1','å†…ç½‘IP','Chrome 8','Windows 10','1','22222222222','2020-07-03 15:04:41'),(119,'admin','127.0.0.1','å†…ç½‘IP','Chrome 8','Windows 10','1','22222222222','2020-07-03 15:05:51'),(120,'admin','127.0.0.1','å†…ç½‘IP','Chrome 8','Windows 10','1','éªŒè¯ç é”™è¯¯--å‡è®¾è¿™æ˜¯è‹±æ–‡','2020-07-03 15:07:38'),(121,'admin','127.0.0.1','å†…ç½‘IP','Chrome 8','Windows 10','1','éªŒè¯ç é”™è¯¯--å‡è®¾è¿™æ˜¯è‹±æ–‡','2020-07-03 15:07:42'),(122,'admin','127.0.0.1','å†…ç½‘IP','Chrome 8','Windows 10','1','éªŒè¯ç é”™è¯¯--å‡è®¾è¿™æ˜¯è‹±æ–‡','2020-07-03 15:19:01'),(123,'admin','127.0.0.1','å†…ç½‘IP','Chrome 8','Windows 10','0','ç™»å½•æˆåŠŸ--å‡è®¾è¿™æ˜¯è‹±æ–‡','2020-07-03 15:19:06'),(124,'admin','127.0.0.1','å†…ç½‘IP','Chrome 8','Windows 10','0','ç™»å½•æˆåŠŸ--å‡è®¾è¿™æ˜¯è‹±æ–‡','2020-07-03 15:21:18'),(125,'admin','127.0.0.1','å†…ç½‘IP','Chrome 8','Windows 10','1','éªŒè¯ç é”™è¯¯--å‡è®¾è¿™æ˜¯è‹±æ–‡','2020-07-03 15:27:35'),(126,'admin','127.0.0.1','å†…ç½‘IP','Chrome 8','Windows 10','0','ç™»å½•æˆåŠŸ--å‡è®¾è¿™æ˜¯è‹±æ–‡','2020-07-03 15:27:47'),(127,'admin','127.0.0.1','å†…ç½‘IP','Chrome 8','Windows 10','0','é€€å‡ºæˆåŠŸ','2020-07-03 15:28:42'),(128,'admin','127.0.0.1','å†…ç½‘IP','Chrome 8','Windows 10','0','ç™»å½•æˆåŠŸ--å‡è®¾è¿™æ˜¯è‹±æ–‡','2020-07-03 15:28:50'),(129,'admin','127.0.0.1','å†…ç½‘IP','Chrome 8','Windows 10','0','ç™»å½•æˆåŠŸ--å‡è®¾è¿™æ˜¯è‹±æ–‡','2020-07-03 15:32:14'),(130,'admin','127.0.0.1','å†…ç½‘IP','Chrome 8','Windows 10','0','ç™»å½•æˆåŠŸ--å‡è®¾è¿™æ˜¯è‹±æ–‡','2020-07-03 15:37:40'),(131,'admin','127.0.0.1','å†…ç½‘IP','Chrome 8','Windows 10','0','ç™»å½•æˆåŠŸ--å‡è®¾è¿™æ˜¯è‹±æ–‡','2020-07-03 15:39:05'),(132,'admin','127.0.0.1','å†…ç½‘IP','Chrome 8','Windows 10','0','ç™»å½•æˆåŠŸ--å‡è®¾è¿™æ˜¯è‹±æ–‡','2020-07-03 15:42:32'),(133,'admin','127.0.0.1','å†…ç½‘IP','Chrome 8','Windows 10','0','é€€å‡ºæˆåŠŸ','2020-07-03 15:42:45'),(134,'admin','127.0.0.1','å†…ç½‘IP','Chrome 8','Windows 10','0','ç™»å½•æˆåŠŸ--å‡è®¾è¿™æ˜¯è‹±æ–‡','2020-07-03 15:42:50'),(135,'admin','127.0.0.1','å†…ç½‘IP','Chrome 8','Windows 10','0','ç™»å½•æˆåŠŸ--å‡è®¾è¿™æ˜¯è‹±æ–‡','2020-07-03 15:44:59'),(136,'admin','127.0.0.1','å†…ç½‘IP','Chrome 8','Windows 10','0','ç™»å½•æˆåŠŸ--å‡è®¾è¿™æ˜¯è‹±æ–‡','2020-07-03 15:47:42'),(137,'admin','127.0.0.1','å†…ç½‘IP','Chrome 8','Windows 10','0','ç™»å½•æˆåŠŸ--å‡è®¾è¿™æ˜¯è‹±æ–‡','2020-07-03 15:49:18'),(138,'admin','127.0.0.1','å†…ç½‘IP','Chrome 8','Windows 10','0','ç™»å½•æˆåŠŸ--å‡è®¾è¿™æ˜¯è‹±æ–‡','2020-07-03 15:49:59'),(139,'admin','127.0.0.1','å†…ç½‘IP','Chrome 8','Windows 10','0','ç™»å½•æˆåŠŸ--å‡è®¾è¿™æ˜¯è‹±æ–‡','2020-07-03 16:05:33');

/*Table structure for table `sys_menu` */

DROP TABLE IF EXISTS `sys_menu`;

CREATE TABLE `sys_menu` (
  `menu_id` bigint(20) NOT NULL AUTO_INCREMENT COMMENT 'èœå•ID',
  `menu_name` varchar(50) NOT NULL COMMENT 'èœå•åç§°',
  `parent_id` bigint(20) DEFAULT '0' COMMENT 'çˆ¶èœå•ID',
  `order_num` int(4) DEFAULT '0' COMMENT 'æ˜¾ç¤ºé¡ºåº',
  `url` varchar(200) DEFAULT '#' COMMENT 'è¯·æ±‚åœ°å€',
  `target` varchar(20) DEFAULT '' COMMENT 'æ‰“å¼€æ–¹å¼ï¼ˆmenuItemé¡µç­¾ menuBlankæ–°çª—å£ï¼‰',
  `menu_type` char(1) DEFAULT '' COMMENT 'èœå•ç±»å‹ï¼ˆMç›®å½• Cèœå• FæŒ‰é’®ï¼‰',
  `visible` char(1) DEFAULT '0' COMMENT 'èœå•çŠ¶æ€ï¼ˆ0æ˜¾ç¤º 1éšè—ï¼‰',
  `perms` varchar(100) DEFAULT NULL COMMENT 'æƒé™æ ‡è¯†',
  `icon` varchar(100) DEFAULT '#' COMMENT 'èœå•å›¾æ ‡',
  `create_by` varchar(64) DEFAULT '' COMMENT 'åˆ›å»ºè€…',
  `create_time` datetime DEFAULT NULL COMMENT 'åˆ›å»ºæ—¶é—´',
  `update_by` varchar(64) DEFAULT '' COMMENT 'æ›´æ–°è€…',
  `update_time` datetime DEFAULT NULL COMMENT 'æ›´æ–°æ—¶é—´',
  `remark` varchar(500) DEFAULT '' COMMENT 'å¤‡æ³¨',
  PRIMARY KEY (`menu_id`)
) ENGINE=InnoDB AUTO_INCREMENT=1062 DEFAULT CHARSET=utf8 COMMENT='èœå•æƒé™è¡¨';

/*Data for the table `sys_menu` */

insert  into `sys_menu`(`menu_id`,`menu_name`,`parent_id`,`order_num`,`url`,`target`,`menu_type`,`visible`,`perms`,`icon`,`create_by`,`create_time`,`update_by`,`update_time`,`remark`) values (1,'ç³»ç»Ÿç®¡ç†',0,1,'#','','M','0','','fa fa-gear','admin','2018-03-16 11:33:00','ry','2018-03-16 11:33:00','ç³»ç»Ÿç®¡ç†ç›®å½•'),(2,'ç³»ç»Ÿç›‘æ§',0,2,'#','','M','0','','fa fa-video-camera','admin','2018-03-16 11:33:00','ry','2018-03-16 11:33:00','ç³»ç»Ÿç›‘æ§ç›®å½•'),(3,'ç³»ç»Ÿå·¥å…·',0,3,'#','','M','0','','fa fa-bars','admin','2018-03-16 11:33:00','ry','2018-03-16 11:33:00','ç³»ç»Ÿå·¥å…·ç›®å½•'),(4,'è‹¥ä¾å®˜ç½‘',0,4,'http://ruoyi.vip','menuBlank','C','0','','fa fa-location-arrow','admin','2018-03-16 11:33:00','ry','2018-03-16 11:33:00','è‹¥ä¾å®˜ç½‘åœ°å€'),(100,'ç”¨æˆ·ç®¡ç†',1,1,'/system/user','','C','0','system:user:view','#','admin','2018-03-16 11:33:00','ry','2018-03-16 11:33:00','ç”¨æˆ·ç®¡ç†èœå•'),(101,'è§’è‰²ç®¡ç†',1,2,'/system/role','','C','0','system:role:view','#','admin','2018-03-16 11:33:00','ry','2018-03-16 11:33:00','è§’è‰²ç®¡ç†èœå•'),(102,'èœå•ç®¡ç†',1,3,'/system/menu','','C','0','system:menu:view','#','admin','2018-03-16 11:33:00','ry','2018-03-16 11:33:00','èœå•ç®¡ç†èœå•'),(103,'ç»„ç»‡ç®¡ç†',1,4,'/system/dept','','C','0','system:dept:view','#','admin','2018-03-16 11:33:00','ry','2018-03-16 11:33:00','éƒ¨é—¨ç®¡ç†èœå•'),(104,'å²—ä½ç®¡ç†',1,5,'/system/post','','C','0','system:post:view','#','admin','2018-03-16 11:33:00','ry','2018-03-16 11:33:00','å²—ä½ç®¡ç†èœå•'),(105,'å­—å…¸ç®¡ç†',1,6,'/system/dict','','C','0','system:dict:view','#','admin','2018-03-16 11:33:00','ry','2018-03-16 11:33:00','å­—å…¸ç®¡ç†èœå•'),(106,'å‚æ•°è®¾ç½®',1,7,'/system/config','','C','0','system:config:view','#','admin','2018-03-16 11:33:00','ry','2018-03-16 11:33:00','å‚æ•°è®¾ç½®èœå•'),(107,'é€šçŸ¥å…¬å‘Š',1,8,'/system/notice','','C','0','system:notice:view','#','admin','2018-03-16 11:33:00','ry','2018-03-16 11:33:00','é€šçŸ¥å…¬å‘Šèœå•'),(108,'æ—¥å¿—ç®¡ç†',1,9,'#','','M','0','','#','admin','2018-03-16 11:33:00','ry','2018-03-16 11:33:00','æ—¥å¿—ç®¡ç†èœå•'),(109,'åœ¨çº¿ç”¨æˆ·',2,1,'/monitor/online','','C','0','monitor:online:view','#','admin','2018-03-16 11:33:00','ry','2018-03-16 11:33:00','åœ¨çº¿ç”¨æˆ·èœå•'),(110,'å®šæ—¶ä»»åŠ¡',2,2,'/monitor/job','','C','0','monitor:job:view','#','admin','2018-03-16 11:33:00','ry','2018-03-16 11:33:00','å®šæ—¶ä»»åŠ¡èœå•'),(111,'æ•°æ®ç›‘æ§',2,3,'/monitor/data','','C','0','monitor:data:view','#','admin','2018-03-16 11:33:00','ry','2018-03-16 11:33:00','æ•°æ®ç›‘æ§èœå•'),(112,'æœåŠ¡ç›‘æ§',2,3,'/monitor/server','','C','0','monitor:server:view','#','admin','2018-03-16 11:33:00','ry','2018-03-16 11:33:00','æœåŠ¡ç›‘æ§èœå•'),(113,'è¡¨å•æ„å»º',3,1,'/tool/build','','C','0','tool:build:view','#','admin','2018-03-16 11:33:00','ry','2018-03-16 11:33:00','è¡¨å•æ„å»ºèœå•'),(114,'ä»£ç ç”Ÿæˆ',3,2,'/tool/gen','','C','0','tool:gen:view','#','admin','2018-03-16 11:33:00','ry','2018-03-16 11:33:00','ä»£ç ç”Ÿæˆèœå•'),(115,'ç³»ç»Ÿæ¥å£',3,3,'/tool/swagger','','C','0','tool:swagger:view','#','admin','2018-03-16 11:33:00','ry','2018-03-16 11:33:00','ç³»ç»Ÿæ¥å£èœå•'),(500,'æ“ä½œæ—¥å¿—',108,1,'/monitor/operlog','','C','0','monitor:operlog:view','#','admin','2018-03-16 11:33:00','ry','2018-03-16 11:33:00','æ“ä½œæ—¥å¿—èœå•'),(501,'ç™»å½•æ—¥å¿—',108,2,'/monitor/logininfor','','C','0','monitor:logininfor:view','#','admin','2018-03-16 11:33:00','ry','2018-03-16 11:33:00','ç™»å½•æ—¥å¿—èœå•'),(1000,'ç”¨æˆ·æŸ¥è¯¢',100,1,'#','','F','0','system:user:list','#','admin','2018-03-16 11:33:00','ry','2018-03-16 11:33:00',''),(1001,'ç”¨æˆ·æ–°å¢',100,2,'#','','F','0','system:user:add','#','admin','2018-03-16 11:33:00','ry','2018-03-16 11:33:00',''),(1002,'ç”¨æˆ·ä¿®æ”¹',100,3,'#','','F','0','system:user:edit','#','admin','2018-03-16 11:33:00','ry','2018-03-16 11:33:00',''),(1003,'ç”¨æˆ·åˆ é™¤',100,4,'#','','F','0','system:user:remove','#','admin','2018-03-16 11:33:00','ry','2018-03-16 11:33:00',''),(1004,'ç”¨æˆ·å¯¼å‡º',100,5,'#','','F','0','system:user:export','#','admin','2018-03-16 11:33:00','ry','2018-03-16 11:33:00',''),(1005,'ç”¨æˆ·å¯¼å…¥',100,6,'#','','F','0','system:user:import','#','admin','2018-03-16 11:33:00','ry','2018-03-16 11:33:00',''),(1006,'é‡ç½®å¯†ç ',100,7,'#','','F','0','system:user:resetPwd','#','admin','2018-03-16 11:33:00','ry','2018-03-16 11:33:00',''),(1007,'è§’è‰²æŸ¥è¯¢',101,1,'#','','F','0','system:role:list','#','admin','2018-03-16 11:33:00','ry','2018-03-16 11:33:00',''),(1008,'è§’è‰²æ–°å¢',101,2,'#','','F','0','system:role:add','#','admin','2018-03-16 11:33:00','ry','2018-03-16 11:33:00',''),(1009,'è§’è‰²ä¿®æ”¹',101,3,'#','','F','0','system:role:edit','#','admin','2018-03-16 11:33:00','ry','2018-03-16 11:33:00',''),(1010,'è§’è‰²åˆ é™¤',101,4,'#','','F','0','system:role:remove','#','admin','2018-03-16 11:33:00','ry','2018-03-16 11:33:00',''),(1011,'è§’è‰²å¯¼å‡º',101,5,'#','','F','0','system:role:export','#','admin','2018-03-16 11:33:00','ry','2018-03-16 11:33:00',''),(1012,'èœå•æŸ¥è¯¢',102,1,'#','','F','0','system:menu:list','#','admin','2018-03-16 11:33:00','ry','2018-03-16 11:33:00',''),(1013,'èœå•æ–°å¢',102,2,'#','','F','0','system:menu:add','#','admin','2018-03-16 11:33:00','ry','2018-03-16 11:33:00',''),(1014,'èœå•ä¿®æ”¹',102,3,'#','','F','0','system:menu:edit','#','admin','2018-03-16 11:33:00','ry','2018-03-16 11:33:00',''),(1015,'èœå•åˆ é™¤',102,4,'#','','F','0','system:menu:remove','#','admin','2018-03-16 11:33:00','ry','2018-03-16 11:33:00',''),(1016,'éƒ¨é—¨æŸ¥è¯¢',103,1,'#','','F','0','system:dept:list','#','admin','2018-03-16 11:33:00','ry','2018-03-16 11:33:00',''),(1017,'éƒ¨é—¨æ–°å¢',103,2,'#','','F','0','system:dept:add','#','admin','2018-03-16 11:33:00','ry','2018-03-16 11:33:00',''),(1018,'éƒ¨é—¨ä¿®æ”¹',103,3,'#','','F','0','system:dept:edit','#','admin','2018-03-16 11:33:00','ry','2018-03-16 11:33:00',''),(1019,'éƒ¨é—¨åˆ é™¤',103,4,'#','','F','0','system:dept:remove','#','admin','2018-03-16 11:33:00','ry','2018-03-16 11:33:00',''),(1020,'å²—ä½æŸ¥è¯¢',104,1,'#','','F','0','system:post:list','#','admin','2018-03-16 11:33:00','ry','2018-03-16 11:33:00',''),(1021,'å²—ä½æ–°å¢',104,2,'#','','F','0','system:post:add','#','admin','2018-03-16 11:33:00','ry','2018-03-16 11:33:00',''),(1022,'å²—ä½ä¿®æ”¹',104,3,'#','','F','0','system:post:edit','#','admin','2018-03-16 11:33:00','ry','2018-03-16 11:33:00',''),(1023,'å²—ä½åˆ é™¤',104,4,'#','','F','0','system:post:remove','#','admin','2018-03-16 11:33:00','ry','2018-03-16 11:33:00',''),(1024,'å²—ä½å¯¼å‡º',104,5,'#','','F','0','system:post:export','#','admin','2018-03-16 11:33:00','ry','2018-03-16 11:33:00',''),(1025,'å­—å…¸æŸ¥è¯¢',105,1,'#','','F','0','system:dict:list','#','admin','2018-03-16 11:33:00','ry','2018-03-16 11:33:00',''),(1026,'å­—å…¸æ–°å¢',105,2,'#','','F','0','system:dict:add','#','admin','2018-03-16 11:33:00','ry','2018-03-16 11:33:00',''),(1027,'å­—å…¸ä¿®æ”¹',105,3,'#','','F','0','system:dict:edit','#','admin','2018-03-16 11:33:00','ry','2018-03-16 11:33:00',''),(1028,'å­—å…¸åˆ é™¤',105,4,'#','','F','0','system:dict:remove','#','admin','2018-03-16 11:33:00','ry','2018-03-16 11:33:00',''),(1029,'å­—å…¸å¯¼å‡º',105,5,'#','','F','0','system:dict:export','#','admin','2018-03-16 11:33:00','ry','2018-03-16 11:33:00',''),(1030,'å‚æ•°æŸ¥è¯¢',106,1,'#','','F','0','system:config:list','#','admin','2018-03-16 11:33:00','ry','2018-03-16 11:33:00',''),(1031,'å‚æ•°æ–°å¢',106,2,'#','','F','0','system:config:add','#','admin','2018-03-16 11:33:00','ry','2018-03-16 11:33:00',''),(1032,'å‚æ•°ä¿®æ”¹',106,3,'#','','F','0','system:config:edit','#','admin','2018-03-16 11:33:00','ry','2018-03-16 11:33:00',''),(1033,'å‚æ•°åˆ é™¤',106,4,'#','','F','0','system:config:remove','#','admin','2018-03-16 11:33:00','ry','2018-03-16 11:33:00',''),(1034,'å‚æ•°å¯¼å‡º',106,5,'#','','F','0','system:config:export','#','admin','2018-03-16 11:33:00','ry','2018-03-16 11:33:00',''),(1035,'å…¬å‘ŠæŸ¥è¯¢',107,1,'#','','F','0','system:notice:list','#','admin','2018-03-16 11:33:00','ry','2018-03-16 11:33:00',''),(1036,'å…¬å‘Šæ–°å¢',107,2,'#','','F','0','system:notice:add','#','admin','2018-03-16 11:33:00','ry','2018-03-16 11:33:00',''),(1037,'å…¬å‘Šä¿®æ”¹',107,3,'#','','F','0','system:notice:edit','#','admin','2018-03-16 11:33:00','ry','2018-03-16 11:33:00',''),(1038,'å…¬å‘Šåˆ é™¤',107,4,'#','','F','0','system:notice:remove','#','admin','2018-03-16 11:33:00','ry','2018-03-16 11:33:00',''),(1039,'æ“ä½œæŸ¥è¯¢',500,1,'#','','F','0','monitor:operlog:list','#','admin','2018-03-16 11:33:00','ry','2018-03-16 11:33:00',''),(1040,'æ“ä½œåˆ é™¤',500,2,'#','','F','0','monitor:operlog:remove','#','admin','2018-03-16 11:33:00','ry','2018-03-16 11:33:00',''),(1041,'è¯¦ç»†ä¿¡æ¯',500,3,'#','','F','0','monitor:operlog:detail','#','admin','2018-03-16 11:33:00','ry','2018-03-16 11:33:00',''),(1042,'æ—¥å¿—å¯¼å‡º',500,4,'#','','F','0','monitor:operlog:export','#','admin','2018-03-16 11:33:00','ry','2018-03-16 11:33:00',''),(1043,'ç™»å½•æŸ¥è¯¢',501,1,'#','','F','0','monitor:logininfor:list','#','admin','2018-03-16 11:33:00','ry','2018-03-16 11:33:00',''),(1044,'ç™»å½•åˆ é™¤',501,2,'#','','F','0','monitor:logininfor:remove','#','admin','2018-03-16 11:33:00','ry','2018-03-16 11:33:00',''),(1045,'æ—¥å¿—å¯¼å‡º',501,3,'#','','F','0','monitor:logininfor:export','#','admin','2018-03-16 11:33:00','ry','2018-03-16 11:33:00',''),(1046,'è´¦æˆ·è§£é”',501,4,'#','','F','0','monitor:logininfor:unlock','#','admin','2018-03-16 11:33:00','ry','2018-03-16 11:33:00',''),(1047,'åœ¨çº¿æŸ¥è¯¢',109,1,'#','','F','0','monitor:online:list','#','admin','2018-03-16 11:33:00','ry','2018-03-16 11:33:00',''),(1048,'æ‰¹é‡å¼ºé€€',109,2,'#','','F','0','monitor:online:batchForceLogout','#','admin','2018-03-16 11:33:00','ry','2018-03-16 11:33:00',''),(1049,'å•æ¡å¼ºé€€',109,3,'#','','F','0','monitor:online:forceLogout','#','admin','2018-03-16 11:33:00','ry','2018-03-16 11:33:00',''),(1050,'ä»»åŠ¡æŸ¥è¯¢',110,1,'#','','F','0','monitor:job:list','#','admin','2018-03-16 11:33:00','ry','2018-03-16 11:33:00',''),(1051,'ä»»åŠ¡æ–°å¢',110,2,'#','','F','0','monitor:job:add','#','admin','2018-03-16 11:33:00','ry','2018-03-16 11:33:00',''),(1052,'ä»»åŠ¡ä¿®æ”¹',110,3,'#','','F','0','monitor:job:edit','#','admin','2018-03-16 11:33:00','ry','2018-03-16 11:33:00',''),(1053,'ä»»åŠ¡åˆ é™¤',110,4,'#','','F','0','monitor:job:remove','#','admin','2018-03-16 11:33:00','ry','2018-03-16 11:33:00',''),(1054,'çŠ¶æ€ä¿®æ”¹',110,5,'#','','F','0','monitor:job:changeStatus','#','admin','2018-03-16 11:33:00','ry','2018-03-16 11:33:00',''),(1055,'ä»»åŠ¡è¯¦ç»†',110,6,'#','','F','0','monitor:job:detail','#','admin','2018-03-16 11:33:00','ry','2018-03-16 11:33:00',''),(1056,'ä»»åŠ¡å¯¼å‡º',110,7,'#','','F','0','monitor:job:export','#','admin','2018-03-16 11:33:00','ry','2018-03-16 11:33:00',''),(1057,'ç”ŸæˆæŸ¥è¯¢',114,1,'#','','F','0','tool:gen:list','#','admin','2018-03-16 11:33:00','ry','2018-03-16 11:33:00',''),(1058,'ç”Ÿæˆä¿®æ”¹',114,2,'#','','F','0','tool:gen:edit','#','admin','2018-03-16 11:33:00','ry','2018-03-16 11:33:00',''),(1059,'ç”Ÿæˆåˆ é™¤',114,3,'#','','F','0','tool:gen:remove','#','admin','2018-03-16 11:33:00','ry','2018-03-16 11:33:00',''),(1060,'é¢„è§ˆä»£ç ',114,4,'#','','F','0','tool:gen:preview','#','admin','2018-03-16 11:33:00','ry','2018-03-16 11:33:00',''),(1061,'ç”Ÿæˆä»£ç ',114,5,'#','','F','0','tool:gen:code','#','admin','2018-03-16 11:33:00','ry','2018-03-16 11:33:00','');

/*Table structure for table `sys_notice` */

DROP TABLE IF EXISTS `sys_notice`;

CREATE TABLE `sys_notice` (
  `notice_id` int(4) NOT NULL AUTO_INCREMENT COMMENT 'å…¬å‘ŠID',
  `notice_title` varchar(50) NOT NULL COMMENT 'å…¬å‘Šæ ‡é¢˜',
  `notice_type` char(1) NOT NULL COMMENT 'å…¬å‘Šç±»å‹ï¼ˆ1é€šçŸ¥ 2å…¬å‘Šï¼‰',
  `notice_content` varchar(2000) DEFAULT NULL COMMENT 'å…¬å‘Šå†…å®¹',
  `status` char(1) DEFAULT '0' COMMENT 'å…¬å‘ŠçŠ¶æ€ï¼ˆ0æ­£å¸¸ 1å…³é—­ï¼‰',
  `create_by` varchar(64) DEFAULT '' COMMENT 'åˆ›å»ºè€…',
  `create_time` datetime DEFAULT NULL COMMENT 'åˆ›å»ºæ—¶é—´',
  `update_by` varchar(64) DEFAULT '' COMMENT 'æ›´æ–°è€…',
  `update_time` datetime DEFAULT NULL COMMENT 'æ›´æ–°æ—¶é—´',
  `remark` varchar(255) DEFAULT NULL COMMENT 'å¤‡æ³¨',
  PRIMARY KEY (`notice_id`)
) ENGINE=InnoDB AUTO_INCREMENT=3 DEFAULT CHARSET=utf8 COMMENT='é€šçŸ¥å…¬å‘Šè¡¨';

/*Data for the table `sys_notice` */

insert  into `sys_notice`(`notice_id`,`notice_title`,`notice_type`,`notice_content`,`status`,`create_by`,`create_time`,`update_by`,`update_time`,`remark`) values (1,'æ¸©é¦¨æé†’ï¼š2018-07-01 è‹¥ä¾æ–°ç‰ˆæœ¬å‘å¸ƒå•¦','2','æ–°ç‰ˆæœ¬å†…å®¹','0','admin','2018-03-16 11:33:00','ry','2018-03-16 11:33:00','ç®¡ç†å‘˜'),(2,'ç»´æŠ¤é€šçŸ¥ï¼š2018-07-01 è‹¥ä¾ç³»ç»Ÿå‡Œæ™¨ç»´æŠ¤','1','ç»´æŠ¤å†…å®¹','0','admin','2018-03-16 11:33:00','ry','2018-03-16 11:33:00','ç®¡ç†å‘˜');

/*Table structure for table `sys_oper_log` */

DROP TABLE IF EXISTS `sys_oper_log`;

CREATE TABLE `sys_oper_log` (
  `oper_id` bigint(20) NOT NULL AUTO_INCREMENT COMMENT 'æ—¥å¿—ä¸»é”®',
  `title` varchar(50) DEFAULT '' COMMENT 'æ¨¡å—æ ‡é¢˜',
  `business_type` int(2) DEFAULT '0' COMMENT 'ä¸šåŠ¡ç±»å‹ï¼ˆ0å…¶å®ƒ 1æ–°å¢ 2ä¿®æ”¹ 3åˆ é™¤ï¼‰',
  `method` varchar(100) DEFAULT '' COMMENT 'æ–¹æ³•åç§°',
  `request_method` varchar(10) DEFAULT '' COMMENT 'è¯·æ±‚æ–¹å¼',
  `operator_type` int(1) DEFAULT '0' COMMENT 'æ“ä½œç±»åˆ«ï¼ˆ0å…¶å®ƒ 1åå°ç”¨æˆ· 2æ‰‹æœºç«¯ç”¨æˆ·ï¼‰',
  `oper_name` varchar(50) DEFAULT '' COMMENT 'æ“ä½œäººå‘˜',
  `dept_name` varchar(50) DEFAULT '' COMMENT 'éƒ¨é—¨åç§°',
  `oper_url` varchar(255) DEFAULT '' COMMENT 'è¯·æ±‚URL',
  `oper_ip` varchar(50) DEFAULT '' COMMENT 'ä¸»æœºåœ°å€',
  `oper_location` varchar(255) DEFAULT '' COMMENT 'æ“ä½œåœ°ç‚¹',
  `oper_param` varchar(2000) DEFAULT '' COMMENT 'è¯·æ±‚å‚æ•°',
  `json_result` varchar(2000) DEFAULT '' COMMENT 'è¿”å›å‚æ•°',
  `status` int(1) DEFAULT '0' COMMENT 'æ“ä½œçŠ¶æ€ï¼ˆ0æ­£å¸¸ 1å¼‚å¸¸ï¼‰',
  `error_msg` varchar(2000) DEFAULT '' COMMENT 'é”™è¯¯æ¶ˆæ¯',
  `oper_time` datetime DEFAULT NULL COMMENT 'æ“ä½œæ—¶é—´',
  PRIMARY KEY (`oper_id`)
) ENGINE=InnoDB AUTO_INCREMENT=126 DEFAULT CHARSET=utf8 COMMENT='æ“ä½œæ—¥å¿—è®°å½•';

/*Data for the table `sys_oper_log` */

insert  into `sys_oper_log`(`oper_id`,`title`,`business_type`,`method`,`request_method`,`operator_type`,`oper_name`,`dept_name`,`oper_url`,`oper_ip`,`oper_location`,`oper_param`,`json_result`,`status`,`error_msg`,`oper_time`) values (100,'åœ¨çº¿ç”¨æˆ·',7,'com.ruoyi.web.controller.monitor.SysUserOnlineController.batchForceLogout()','POST',1,'admin','ç ”å‘éƒ¨é—¨','/monitor/online/batchForceLogout','127.0.0.1','å†…ç½‘IP','{\r\n  \"ids\" : [ \"5e847a10-be64-4baf-ae01-1b4c4c8c0e3c\" ]\r\n}','{\r\n  \"msg\" : \"å½“å‰ç™»é™†ç”¨æˆ·æ— æ³•å¼ºé€€\",\r\n  \"code\" : 500\r\n}',0,NULL,'2020-07-01 17:02:44'),(101,'é‡ç½®å¯†ç ',2,'com.ruoyi.web.controller.system.SysUserController.resetPwd()','GET',1,'admin','ç ”å‘éƒ¨é—¨','/system/user/resetPwd/1','127.0.0.1','å†…ç½‘IP','{ }','\"system/user/resetPwd\"',0,NULL,'2020-07-01 17:03:18'),(102,'é‡ç½®å¯†ç ',2,'com.ruoyi.web.controller.system.SysUserController.resetPwd()','GET',1,'admin','ç ”å‘éƒ¨é—¨','/system/user/resetPwd/2','127.0.0.1','å†…ç½‘IP','{ }','\"system/user/resetPwd\"',0,NULL,'2020-07-01 17:03:21'),(103,'é‡ç½®å¯†ç ',2,'com.ruoyi.web.controller.system.SysUserController.resetPwdSave()','POST',1,'admin','ç ”å‘éƒ¨é—¨','/system/user/resetPwd','127.0.0.1','å†…ç½‘IP','{\r\n  \"userId\" : [ \"2\" ],\r\n  \"loginName\" : [ \"ry\" ],\r\n  \"password\" : [ \"123456\" ]\r\n}','{\r\n  \"msg\" : \"æ“ä½œæˆåŠŸ\",\r\n  \"code\" : 0\r\n}',0,NULL,'2020-07-01 17:03:26'),(104,'åœ¨çº¿ç”¨æˆ·',7,'com.ruoyi.web.controller.monitor.SysUserOnlineController.batchForceLogout()','POST',1,'admin','ç ”å‘éƒ¨é—¨','/monitor/online/batchForceLogout','127.0.0.1','å†…ç½‘IP','{\r\n  \"ids\" : [ \"2bdc4d30-37c8-489c-930f-2a6460e3610d\" ]\r\n}','{\r\n  \"msg\" : \"æ“ä½œæˆåŠŸ\",\r\n  \"code\" : 0\r\n}',0,NULL,'2020-07-01 17:05:46'),(105,'å­—å…¸ç±»å‹',9,'com.ruoyi.web.controller.system.SysDictTypeController.clearCache()','GET',1,'admin','ç ”å‘éƒ¨é—¨','/system/dict/clearCache','127.0.0.1','å†…ç½‘IP','{ }','{\r\n  \"msg\" : \"æ“ä½œæˆåŠŸ\",\r\n  \"code\" : 0\r\n}',0,NULL,'2020-07-01 17:11:28'),(106,'é‡ç½®å¯†ç ',2,'com.ruoyi.web.controller.system.SysUserController.resetPwd()','GET',1,'admin','ç ”å‘éƒ¨é—¨','/system/user/resetPwd/1','127.0.0.1','å†…ç½‘IP','{ }','\"system/user/resetPwd\"',0,NULL,'2020-07-01 17:27:30'),(107,'éƒ¨é—¨ç®¡ç†',2,'com.ruoyi.web.controller.system.SysDeptController.editSave()','POST',1,'admin','ç ”å‘éƒ¨é—¨','/system/dept/edit','127.0.0.1','å†…ç½‘IP','{\r\n  \"deptId\" : [ \"100\" ],\r\n  \"parentId\" : [ \"0\" ],\r\n  \"parentName\" : [ \"æ— \" ],\r\n  \"deptName\" : [ \"æµ·äº‘å¤©ç§‘æŠ€\" ],\r\n  \"orderNum\" : [ \"0\" ],\r\n  \"leader\" : [ \"XXX\" ],\r\n  \"phone\" : [ \"15888888888\" ],\r\n  \"email\" : [ \"cy@cntest.com\" ],\r\n  \"status\" : [ \"0\" ]\r\n}','{\r\n  \"msg\" : \"æ“ä½œæˆåŠŸ\",\r\n  \"code\" : 0\r\n}',0,NULL,'2020-07-01 17:32:10'),(108,'ç”¨æˆ·ç®¡ç†',2,'com.ruoyi.web.controller.system.SysUserController.editSave()','POST',1,'admin','ç ”å‘éƒ¨é—¨','/system/user/edit','127.0.0.1','å†…ç½‘IP','{\r\n  \"userId\" : [ \"1\" ],\r\n  \"deptId\" : [ \"103\" ],\r\n  \"userName\" : [ \"é™ˆæœ‰\" ],\r\n  \"dept.deptName\" : [ \"ç ”å‘éƒ¨é—¨\" ],\r\n  \"phonenumber\" : [ \"15888888888\" ],\r\n  \"email\" : [ \"ry@163.com\" ],\r\n  \"loginName\" : [ \"admin\" ],\r\n  \"sex\" : [ \"1\" ],\r\n  \"role\" : [ \"1\" ],\r\n  \"remark\" : [ \"ç®¡ç†å‘˜\" ],\r\n  \"status\" : [ \"0\" ],\r\n  \"roleIds\" : [ \"1\" ],\r\n  \"postIds\" : [ \"1\" ]\r\n}','null',1,'ä¸å…è®¸æ“ä½œè¶…çº§ç®¡ç†å‘˜ç”¨æˆ·','2020-07-01 17:33:47'),(109,'è§’è‰²ç®¡ç†',2,'com.ruoyi.web.controller.system.SysRoleController.editSave()','POST',1,'admin','ç ”å‘éƒ¨é—¨','/system/role/edit','127.0.0.1','å†…ç½‘IP','{\r\n  \"roleId\" : [ \"1\" ],\r\n  \"roleName\" : [ \"ç³»ç»Ÿç®¡ç†å‘˜\" ],\r\n  \"roleKey\" : [ \"admin\" ],\r\n  \"roleSort\" : [ \"1\" ],\r\n  \"status\" : [ \"0\" ],\r\n  \"remark\" : [ \"ç³»ç»Ÿç®¡ç†å‘˜\" ],\r\n  \"menuIds\" : [ \"1,100,1000,1001,1002,1003,1004,1005,1006,101,1007,1008,1009,1010,1011,102,1012,1013,1014,1015,103,1016,1017,1018,1019,104,1020,1021,1022,1023,1024,105,1025,1026,1027,1028,1029,106,1030,1031,1032,1033,1034,107,1035,1036,1037,1038,108,500,1039,1040,1041,1042,501,1043,1044,1045,1046,2,109,1047,1048,1049,110,1050,1051,1052,1053,1054,1055,1056,111,112,3,113,114,1057,1058,1059,1060,1061,115,4\" ]\r\n}','null',1,'ä¸å…è®¸æ“ä½œè¶…çº§ç®¡ç†å‘˜è§’è‰²','2020-07-01 17:54:45'),(110,'ç”¨æˆ·ç®¡ç†',2,'com.ruoyi.web.controller.system.SysUserController.editSave()','POST',1,'admin','ç ”å‘éƒ¨é—¨','/system/user/edit','127.0.0.1','å†…ç½‘IP','{\r\n  \"userId\" : [ \"1\" ],\r\n  \"deptId\" : [ \"103\" ],\r\n  \"userName\" : [ \"é™ˆæœ‰\" ],\r\n  \"dept.deptName\" : [ \"ç ”å‘éƒ¨é—¨\" ],\r\n  \"phonenumber\" : [ \"15888888888\" ],\r\n  \"email\" : [ \"ry@163.com\" ],\r\n  \"loginName\" : [ \"admin\" ],\r\n  \"sex\" : [ \"1\" ],\r\n  \"role\" : [ \"1\" ],\r\n  \"remark\" : [ \"ç®¡ç†å‘˜\" ],\r\n  \"status\" : [ \"0\" ],\r\n  \"roleIds\" : [ \"1\" ],\r\n  \"postIds\" : [ \"\" ]\r\n}','null',1,'ä¸å…è®¸æ“ä½œè¶…çº§ç®¡ç†å‘˜ç”¨æˆ·','2020-07-01 18:00:13'),(111,'éƒ¨é—¨ç®¡ç†',3,'com.ruoyi.web.controller.system.SysDeptController.remove()','GET',1,'admin','ç ”å‘éƒ¨é—¨','/system/dept/remove/102','127.0.0.1','å†…ç½‘IP','{ }','{\r\n  \"msg\" : \"å­˜åœ¨ä¸‹çº§éƒ¨é—¨,ä¸å…è®¸åˆ é™¤\",\r\n  \"code\" : 301\r\n}',0,NULL,'2020-07-02 09:54:02'),(112,'éƒ¨é—¨ç®¡ç†',2,'com.ruoyi.web.controller.system.SysDeptController.editSave()','POST',1,'admin','ç ”å‘éƒ¨é—¨','/system/dept/edit','127.0.0.1','å†…ç½‘IP','{\r\n  \"deptId\" : [ \"101\" ],\r\n  \"parentId\" : [ \"100\" ],\r\n  \"parentName\" : [ \"æµ·äº‘å¤©ç§‘æŠ€\" ],\r\n  \"deptCode\" : [ \"1231231\" ],\r\n  \"deptName\" : [ \"æ·±åœ³æ€»å…¬å¸\" ],\r\n  \"orderNum\" : [ \"1\" ],\r\n  \"leader\" : [ \"è‹¥ä¾\" ],\r\n  \"phone\" : [ \"15888888888\" ],\r\n  \"email\" : [ \"ry@qq.com\" ],\r\n  \"status\" : [ \"0\" ]\r\n}','{\r\n  \"msg\" : \"æ“ä½œæˆåŠŸ\",\r\n  \"code\" : 0\r\n}',0,NULL,'2020-07-02 10:36:57'),(113,'éƒ¨é—¨ç®¡ç†',1,'com.ruoyi.web.controller.system.SysDeptController.addSave()','POST',1,'admin','ç ”å‘éƒ¨é—¨','/system/dept/add','127.0.0.1','å†…ç½‘IP','{\r\n  \"parentId\" : [ \"103\" ],\r\n  \"deptCode\" : [ \"1234567\" ],\r\n  \"deptType\" : [ \"3\" ],\r\n  \"deptName\" : [ \"æµ‹è¯•æ–°å¢\" ],\r\n  \"orderNum\" : [ \"4\" ],\r\n  \"leader\" : [ \"1\" ],\r\n  \"phone\" : [ \"\" ],\r\n  \"email\" : [ \"\" ],\r\n  \"status\" : [ \"0\" ]\r\n}','{\r\n  \"msg\" : \"æ“ä½œæˆåŠŸ\",\r\n  \"code\" : 0\r\n}',0,NULL,'2020-07-02 10:45:54'),(114,'éƒ¨é—¨ç®¡ç†',3,'com.ruoyi.web.controller.system.SysDeptController.remove()','GET',1,'admin','ç ”å‘éƒ¨é—¨','/system/dept/remove/200','127.0.0.1','å†…ç½‘IP','{ }','{\r\n  \"msg\" : \"æ“ä½œæˆåŠŸ\",\r\n  \"code\" : 0\r\n}',0,NULL,'2020-07-02 11:29:53'),(115,'éƒ¨é—¨ç®¡ç†',1,'com.ruoyi.web.controller.system.SysDeptController.addSave()','POST',1,'admin','ç ”å‘éƒ¨é—¨','/system/dept/add','127.0.0.1','å†…ç½‘IP','{\r\n  \"parentId\" : [ \"100\" ],\r\n  \"deptCode\" : [ \"11111\" ],\r\n  \"deptType\" : [ \"2\" ],\r\n  \"deptName\" : [ \"13231\" ],\r\n  \"orderNum\" : [ \"4\" ],\r\n  \"leader\" : [ \"\" ],\r\n  \"phone\" : [ \"\" ],\r\n  \"email\" : [ \"\" ],\r\n  \"status\" : [ \"0\" ]\r\n}','{\r\n  \"msg\" : \"æ“ä½œæˆåŠŸ\",\r\n  \"code\" : 0\r\n}',0,NULL,'2020-07-02 14:19:12'),(116,'éƒ¨é—¨ç®¡ç†',3,'com.ruoyi.web.controller.system.SysDeptController.remove()','GET',1,'admin','ç ”å‘éƒ¨é—¨','/system/dept/remove/201','127.0.0.1','å†…ç½‘IP','{ }','{\r\n  \"msg\" : \"æ“ä½œæˆåŠŸ\",\r\n  \"code\" : 0\r\n}',0,NULL,'2020-07-02 14:19:20'),(117,'éƒ¨é—¨ç®¡ç†',1,'com.ruoyi.web.controller.system.SysDeptController.addSave()','POST',1,'admin','ç ”å‘éƒ¨é—¨','/system/dept/add','127.0.0.1','å†…ç½‘IP','{\r\n  \"parentId\" : [ \"100\" ],\r\n  \"deptCode\" : [ \"12312\" ],\r\n  \"deptType\" : [ \"123\" ],\r\n  \"deptName\" : [ \"2321\" ],\r\n  \"orderNum\" : [ \"21312\" ],\r\n  \"leader\" : [ \"\" ],\r\n  \"phone\" : [ \"\" ],\r\n  \"email\" : [ \"\" ],\r\n  \"status\" : [ \"0\" ]\r\n}','null',1,'\r\n### Error updating database.  Cause: java.sql.SQLException: Field \'dept_id\' doesn\'t have a default value\r\n### The error may involve com.ruoyi.system.mapper.SysDeptMapper.insertDept-Inline\r\n### The error occurred while setting parameters\r\n### SQL: insert into sys_dept(       parent_id,       dept_code,       dept_type,       dept_name,       ancestors,       order_num,                         status,       create_by,      create_time     )values(        ?,       ?,       ?,       ?,       ?,       ?,                         ?,       ?,      sysdate()     )\r\n### Cause: java.sql.SQLException: Field \'dept_id\' doesn\'t have a default value\n; Field \'dept_id\' doesn\'t have a default value; nested exception is java.sql.SQLException: Field \'dept_id\' doesn\'t have a default value','2020-07-02 14:19:41'),(118,'éƒ¨é—¨ç®¡ç†',1,'com.ruoyi.web.controller.system.SysDeptController.addSave()','POST',1,'admin','ç ”å‘éƒ¨é—¨','/system/dept/add','127.0.0.1','å†…ç½‘IP','{\r\n  \"parentId\" : [ \"100\" ],\r\n  \"deptCode\" : [ \"123\" ],\r\n  \"deptType\" : [ \"1142\" ],\r\n  \"deptName\" : [ \"412312\" ],\r\n  \"orderNum\" : [ \"41241\" ],\r\n  \"leader\" : [ \"\" ],\r\n  \"phone\" : [ \"\" ],\r\n  \"email\" : [ \"\" ],\r\n  \"status\" : [ \"0\" ]\r\n}','null',1,'\r\n### Error updating database.  Cause: java.sql.SQLException: Field \'dept_id\' doesn\'t have a default value\r\n### The error may involve com.ruoyi.system.mapper.SysDeptMapper.insertDept-Inline\r\n### The error occurred while setting parameters\r\n### SQL: insert into sys_dept(       parent_id,       dept_code,       dept_type,       dept_name,       ancestors,       order_num,                         status,       create_by,      create_time     )values(       ?,       ?,       ?,       ?,       ?,       ?,                         ?,       ?,      sysdate()     )\r\n### Cause: java.sql.SQLException: Field \'dept_id\' doesn\'t have a default value\n; Field \'dept_id\' doesn\'t have a default value; nested exception is java.sql.SQLException: Field \'dept_id\' doesn\'t have a default value','2020-07-02 14:37:36'),(119,'éƒ¨é—¨ç®¡ç†',1,'com.ruoyi.web.controller.system.SysDeptController.addSave()','POST',1,'admin','ç ”å‘éƒ¨é—¨','/system/dept/add','127.0.0.1','å†…ç½‘IP','{\r\n  \"parentId\" : [ \"100\" ],\r\n  \"deptCode\" : [ \"12312\" ],\r\n  \"deptType\" : [ \"4124\" ],\r\n  \"deptName\" : [ \"124214\" ],\r\n  \"orderNum\" : [ \"124214112\" ],\r\n  \"leader\" : [ \"\" ],\r\n  \"phone\" : [ \"\" ],\r\n  \"email\" : [ \"\" ],\r\n  \"status\" : [ \"0\" ]\r\n}','null',1,'\r\n### Error updating database.  Cause: java.sql.SQLException: Field \'dept_id\' doesn\'t have a default value\r\n### The error may involve com.ruoyi.system.mapper.SysDeptMapper.insertDept-Inline\r\n### The error occurred while setting parameters\r\n### SQL: insert into sys_dept(            parent_id,       dept_code,       dept_type,       dept_name,       ancestors,       order_num,                         status,       create_by,      create_time     )values(            ?,       ?,       ?,       ?,       ?,       ?,                         ?,       ?,      sysdate()     )\r\n### Cause: java.sql.SQLException: Field \'dept_id\' doesn\'t have a default value\n; Field \'dept_id\' doesn\'t have a default value; nested exception is java.sql.SQLException: Field \'dept_id\' doesn\'t have a default value','2020-07-02 14:39:10'),(120,'éƒ¨é—¨ç®¡ç†',1,'com.ruoyi.web.controller.system.SysDeptController.addSave()','POST',1,'admin','ç ”å‘éƒ¨é—¨','/system/dept/add','127.0.0.1','å†…ç½‘IP','{\r\n  \"parentId\" : [ \"100\" ],\r\n  \"deptCode\" : [ \"12312\" ],\r\n  \"deptType\" : [ \"321321\" ],\r\n  \"deptName\" : [ \"3123\" ],\r\n  \"orderNum\" : [ \"1321321\" ],\r\n  \"leader\" : [ \"\" ],\r\n  \"phone\" : [ \"\" ],\r\n  \"email\" : [ \"\" ],\r\n  \"status\" : [ \"0\" ]\r\n}','null',1,'\r\n### Error updating database.  Cause: java.sql.SQLException: Field \'dept_id\' doesn\'t have a default value\r\n### The error may involve com.ruoyi.system.mapper.SysDeptMapper.insertDept-Inline\r\n### The error occurred while setting parameters\r\n### SQL: insert into sys_dept(            parent_id,       dept_code,       dept_type,       dept_name,       ancestors,       order_num,                         status,       create_by,      create_time     )values(            ?,       ?,       ?,       ?,       ?,       ?,                         ?,       ?,      sysdate()     )\r\n### Cause: java.sql.SQLException: Field \'dept_id\' doesn\'t have a default value\n; Field \'dept_id\' doesn\'t have a default value; nested exception is java.sql.SQLException: Field \'dept_id\' doesn\'t have a default value','2020-07-02 14:40:35'),(121,'éƒ¨é—¨ç®¡ç†',1,'com.ruoyi.web.controller.system.SysDeptController.addSave()','POST',1,'admin','ç ”å‘éƒ¨é—¨','/system/dept/add','127.0.0.1','å†…ç½‘IP','{\r\n  \"parentId\" : [ \"100\" ],\r\n  \"deptCode\" : [ \"123\" ],\r\n  \"deptType\" : [ \"123\" ],\r\n  \"deptName\" : [ \"3213\" ],\r\n  \"orderNum\" : [ \"21312\" ],\r\n  \"leader\" : [ \"\" ],\r\n  \"phone\" : [ \"\" ],\r\n  \"email\" : [ \"\" ],\r\n  \"status\" : [ \"0\" ]\r\n}','null',1,'Invalid bound statement (not found): com.ruoyi.system.mapper.SysDeptMapper.insert','2020-07-02 14:55:31'),(122,'è´¦æˆ·è§£é”',0,'com.ruoyi.web.controller.monitor.SysLogininforController.unlock()','POST',1,'admin','ç ”å‘éƒ¨é—¨','/monitor/logininfor/unlock','127.0.0.1','å†…ç½‘IP','{\r\n  \"loginName\" : [ \"admin\" ]\r\n}','{\r\n  \"msg\" : \"æ“ä½œæˆåŠŸ\",\r\n  \"code\" : 0\r\n}',0,NULL,'2020-07-02 15:52:42'),(123,'ç™»é™†æ—¥å¿—',3,'com.ruoyi.web.controller.monitor.SysLogininforController.remove()','POST',1,'admin','ç ”å‘éƒ¨é—¨','/monitor/logininfor/remove','127.0.0.1','å†…ç½‘IP','{\r\n  \"ids\" : [ \"114\" ]\r\n}','{\r\n  \"msg\" : \"æ“ä½œæˆåŠŸ\",\r\n  \"code\" : 0\r\n}',0,NULL,'2020-07-02 15:52:54'),(124,'ç™»é™†æ—¥å¿—',3,'com.ruoyi.web.controller.monitor.SysLogininforController.remove()','POST',1,'admin','ç ”å‘éƒ¨é—¨','/monitor/logininfor/remove','127.0.0.1','å†…ç½‘IP','{\r\n  \"ids\" : [ \"113,112\" ]\r\n}','{\r\n  \"msg\" : \"æ“ä½œæˆåŠŸ\",\r\n  \"code\" : 0\r\n}',0,NULL,'2020-07-02 15:53:02'),(125,'ä¸ªäººä¿¡æ¯',2,'com.ruoyi.web.controller.system.SysProfileController.update()','POST',1,'admin','ç ”å‘éƒ¨é—¨','/system/user/profile/update','127.0.0.1','å†…ç½‘IP','{\r\n  \"id\" : [ \"\" ],\r\n  \"userName\" : [ \"é™ˆæœ‰\" ],\r\n  \"phonenumber\" : [ \"15888888888\" ],\r\n  \"email\" : [ \"ry@163.com\" ],\r\n  \"sex\" : [ \"1\" ]\r\n}','{\r\n  \"msg\" : \"æ“ä½œæˆåŠŸ\",\r\n  \"code\" : 0\r\n}',0,NULL,'2020-07-03 15:00:14');

/*Table structure for table `sys_post` */

DROP TABLE IF EXISTS `sys_post`;

CREATE TABLE `sys_post` (
  `post_id` bigint(20) NOT NULL AUTO_INCREMENT COMMENT 'å²—ä½ID',
  `post_code` varchar(64) NOT NULL COMMENT 'å²—ä½ç¼–ç ',
  `post_name` varchar(50) NOT NULL COMMENT 'å²—ä½åç§°',
  `post_sort` int(4) NOT NULL COMMENT 'æ˜¾ç¤ºé¡ºåº',
  `status` char(1) NOT NULL COMMENT 'çŠ¶æ€ï¼ˆ0æ­£å¸¸ 1åœç”¨ï¼‰',
  `create_by` varchar(64) DEFAULT '' COMMENT 'åˆ›å»ºè€…',
  `create_time` datetime DEFAULT NULL COMMENT 'åˆ›å»ºæ—¶é—´',
  `update_by` varchar(64) DEFAULT '' COMMENT 'æ›´æ–°è€…',
  `update_time` datetime DEFAULT NULL COMMENT 'æ›´æ–°æ—¶é—´',
  `remark` varchar(500) DEFAULT NULL COMMENT 'å¤‡æ³¨',
  PRIMARY KEY (`post_id`)
) ENGINE=InnoDB AUTO_INCREMENT=5 DEFAULT CHARSET=utf8 COMMENT='å²—ä½ä¿¡æ¯è¡¨';

/*Data for the table `sys_post` */

insert  into `sys_post`(`post_id`,`post_code`,`post_name`,`post_sort`,`status`,`create_by`,`create_time`,`update_by`,`update_time`,`remark`) values (1,'ceo','è‘£äº‹é•¿',1,'0','admin','2018-03-16 11:33:00','ry','2018-03-16 11:33:00',''),(2,'se','é¡¹ç›®ç»ç†',2,'0','admin','2018-03-16 11:33:00','ry','2018-03-16 11:33:00',''),(3,'hr','äººåŠ›èµ„æº',3,'0','admin','2018-03-16 11:33:00','ry','2018-03-16 11:33:00',''),(4,'user','æ™®é€šå‘˜å·¥',4,'0','admin','2018-03-16 11:33:00','ry','2018-03-16 11:33:00','');

/*Table structure for table `sys_role` */

DROP TABLE IF EXISTS `sys_role`;

CREATE TABLE `sys_role` (
  `role_id` bigint(20) NOT NULL AUTO_INCREMENT COMMENT 'è§’è‰²ID',
  `role_name` varchar(30) NOT NULL COMMENT 'è§’è‰²åç§°',
  `role_key` varchar(100) NOT NULL COMMENT 'è§’è‰²æƒé™å­—ç¬¦ä¸²',
  `role_sort` int(4) NOT NULL COMMENT 'æ˜¾ç¤ºé¡ºåº',
  `data_scope` char(1) DEFAULT '1' COMMENT 'æ•°æ®èŒƒå›´ï¼ˆ1ï¼šå…¨éƒ¨æ•°æ®æƒé™ 2ï¼šè‡ªå®šæ•°æ®æƒé™ 3ï¼šæœ¬éƒ¨é—¨æ•°æ®æƒé™ 4ï¼šæœ¬éƒ¨é—¨åŠä»¥ä¸‹æ•°æ®æƒé™ï¼‰',
  `status` char(1) NOT NULL COMMENT 'è§’è‰²çŠ¶æ€ï¼ˆ0æ­£å¸¸ 1åœç”¨ï¼‰',
  `del_flag` char(1) DEFAULT '0' COMMENT 'åˆ é™¤æ ‡å¿—ï¼ˆ0ä»£è¡¨å­˜åœ¨ 2ä»£è¡¨åˆ é™¤ï¼‰',
  `create_by` varchar(64) DEFAULT '' COMMENT 'åˆ›å»ºè€…',
  `create_time` datetime DEFAULT NULL COMMENT 'åˆ›å»ºæ—¶é—´',
  `update_by` varchar(64) DEFAULT '' COMMENT 'æ›´æ–°è€…',
  `update_time` datetime DEFAULT NULL COMMENT 'æ›´æ–°æ—¶é—´',
  `remark` varchar(500) DEFAULT NULL COMMENT 'å¤‡æ³¨',
  PRIMARY KEY (`role_id`)
) ENGINE=InnoDB AUTO_INCREMENT=3 DEFAULT CHARSET=utf8 COMMENT='è§’è‰²ä¿¡æ¯è¡¨';

/*Data for the table `sys_role` */

insert  into `sys_role`(`role_id`,`role_name`,`role_key`,`role_sort`,`data_scope`,`status`,`del_flag`,`create_by`,`create_time`,`update_by`,`update_time`,`remark`) values (1,'ç³»ç»Ÿç®¡ç†å‘˜','admin',1,'1','0','0','admin','2018-03-16 11:33:00','ry','2018-03-16 11:33:00','ç³»ç»Ÿç®¡ç†å‘˜'),(2,'æ™®é€šè§’è‰²','common',2,'2','0','0','admin','2018-03-16 11:33:00','ry','2018-03-16 11:33:00','æ™®é€šè§’è‰²');

/*Table structure for table `sys_role_dept` */

DROP TABLE IF EXISTS `sys_role_dept`;

CREATE TABLE `sys_role_dept` (
  `role_id` bigint(20) NOT NULL COMMENT 'è§’è‰²ID',
  `dept_id` bigint(20) NOT NULL COMMENT 'éƒ¨é—¨ID',
  PRIMARY KEY (`role_id`,`dept_id`)
) ENGINE=InnoDB DEFAULT CHARSET=utf8 COMMENT='è§’è‰²å’Œéƒ¨é—¨å…³è”è¡¨';

/*Data for the table `sys_role_dept` */

insert  into `sys_role_dept`(`role_id`,`dept_id`) values (2,100),(2,101),(2,105);

/*Table structure for table `sys_role_menu` */

DROP TABLE IF EXISTS `sys_role_menu`;

CREATE TABLE `sys_role_menu` (
  `role_id` bigint(20) NOT NULL COMMENT 'è§’è‰²ID',
  `menu_id` bigint(20) NOT NULL COMMENT 'èœå•ID',
  PRIMARY KEY (`role_id`,`menu_id`)
) ENGINE=InnoDB DEFAULT CHARSET=utf8 COMMENT='è§’è‰²å’Œèœå•å…³è”è¡¨';

/*Data for the table `sys_role_menu` */

insert  into `sys_role_menu`(`role_id`,`menu_id`) values (2,1),(2,2),(2,3),(2,4),(2,100),(2,101),(2,102),(2,103),(2,104),(2,105),(2,106),(2,107),(2,108),(2,109),(2,110),(2,111),(2,112),(2,113),(2,114),(2,115),(2,500),(2,501),(2,1000),(2,1001),(2,1002),(2,1003),(2,1004),(2,1005),(2,1006),(2,1007),(2,1008),(2,1009),(2,1010),(2,1011),(2,1012),(2,1013),(2,1014),(2,1015),(2,1016),(2,1017),(2,1018),(2,1019),(2,1020),(2,1021),(2,1022),(2,1023),(2,1024),(2,1025),(2,1026),(2,1027),(2,1028),(2,1029),(2,1030),(2,1031),(2,1032),(2,1033),(2,1034),(2,1035),(2,1036),(2,1037),(2,1038),(2,1039),(2,1040),(2,1041),(2,1042),(2,1043),(2,1044),(2,1045),(2,1046),(2,1047),(2,1048),(2,1049),(2,1050),(2,1051),(2,1052),(2,1053),(2,1054),(2,1055),(2,1056),(2,1057),(2,1058),(2,1059),(2,1060),(2,1061);

/*Table structure for table `sys_user` */

DROP TABLE IF EXISTS `sys_user`;

CREATE TABLE `sys_user` (
  `user_id` bigint(20) NOT NULL AUTO_INCREMENT COMMENT 'ç”¨æˆ·ID',
  `dept_id` bigint(20) DEFAULT NULL COMMENT 'éƒ¨é—¨ID',
  `login_name` varchar(30) NOT NULL COMMENT 'ç™»å½•è´¦å·',
  `user_name` varchar(30) DEFAULT '' COMMENT 'ç”¨æˆ·æ˜µç§°',
  `user_type` varchar(2) DEFAULT '00' COMMENT 'ç”¨æˆ·ç±»å‹ï¼ˆ00ç³»ç»Ÿç”¨æˆ· 01æ³¨å†Œç”¨æˆ·ï¼‰',
  `email` varchar(50) DEFAULT '' COMMENT 'ç”¨æˆ·é‚®ç®±',
  `phonenumber` varchar(11) DEFAULT '' COMMENT 'æ‰‹æœºå·ç ',
  `sex` char(1) DEFAULT '0' COMMENT 'ç”¨æˆ·æ€§åˆ«ï¼ˆ0ç”· 1å¥³ 2æœªçŸ¥ï¼‰',
  `avatar` varchar(100) DEFAULT '' COMMENT 'å¤´åƒè·¯å¾„',
  `password` varchar(50) DEFAULT '' COMMENT 'å¯†ç ',
  `salt` varchar(20) DEFAULT '' COMMENT 'ç›åŠ å¯†',
  `status` char(1) DEFAULT '0' COMMENT 'å¸å·çŠ¶æ€ï¼ˆ0æ­£å¸¸ 1åœç”¨ï¼‰',
  `del_flag` char(1) DEFAULT '0' COMMENT 'åˆ é™¤æ ‡å¿—ï¼ˆ0ä»£è¡¨å­˜åœ¨ 2ä»£è¡¨åˆ é™¤ï¼‰',
  `login_ip` varchar(50) DEFAULT '' COMMENT 'æœ€åç™»é™†IP',
  `login_date` datetime DEFAULT NULL COMMENT 'æœ€åç™»é™†æ—¶é—´',
  `create_by` varchar(64) DEFAULT '' COMMENT 'åˆ›å»ºè€…',
  `create_time` datetime DEFAULT NULL COMMENT 'åˆ›å»ºæ—¶é—´',
  `update_by` varchar(64) DEFAULT '' COMMENT 'æ›´æ–°è€…',
  `update_time` datetime DEFAULT NULL COMMENT 'æ›´æ–°æ—¶é—´',
  `remark` varchar(500) DEFAULT NULL COMMENT 'å¤‡æ³¨',
  PRIMARY KEY (`user_id`)
) ENGINE=InnoDB AUTO_INCREMENT=3 DEFAULT CHARSET=utf8 COMMENT='ç”¨æˆ·ä¿¡æ¯è¡¨';

/*Data for the table `sys_user` */

insert  into `sys_user`(`user_id`,`dept_id`,`login_name`,`user_name`,`user_type`,`email`,`phonenumber`,`sex`,`avatar`,`password`,`salt`,`status`,`del_flag`,`login_ip`,`login_date`,`create_by`,`create_time`,`update_by`,`update_time`,`remark`) values (1,103,'admin','é™ˆæœ‰','00','ry@163.com','15888888888','1','','29c67a30398638269fe600f73a054934','111111','0','0','127.0.0.1','2020-07-03 16:05:33','admin','2018-03-16 11:33:00','ry','2020-07-03 16:05:33','ç®¡ç†å‘˜'),(2,105,'ry','æµ‹è¯•1','00','ry@qq.com','15666666666','1','','efb6e2085c95575919d2ecf82e93e004','9d52d9','0','0','192.168.1.100','2020-07-01 17:06:11','admin','2018-03-16 11:33:00','ry','2020-07-01 17:06:11','æµ‹è¯•å‘˜');

/*Table structure for table `sys_user_online` */

DROP TABLE IF EXISTS `sys_user_online`;

CREATE TABLE `sys_user_online` (
  `sessionId` varchar(50) NOT NULL DEFAULT '' COMMENT 'ç”¨æˆ·ä¼šè¯id',
  `login_name` varchar(50) DEFAULT '' COMMENT 'ç™»å½•è´¦å·',
  `dept_name` varchar(50) DEFAULT '' COMMENT 'éƒ¨é—¨åç§°',
  `ipaddr` varchar(50) DEFAULT '' COMMENT 'ç™»å½•IPåœ°å€',
  `login_location` varchar(255) DEFAULT '' COMMENT 'ç™»å½•åœ°ç‚¹',
  `browser` varchar(50) DEFAULT '' COMMENT 'æµè§ˆå™¨ç±»å‹',
  `os` varchar(50) DEFAULT '' COMMENT 'æ“ä½œç³»ç»Ÿ',
  `status` varchar(10) DEFAULT '' COMMENT 'åœ¨çº¿çŠ¶æ€on_lineåœ¨çº¿off_lineç¦»çº¿',
  `start_timestamp` datetime DEFAULT NULL COMMENT 'sessionåˆ›å»ºæ—¶é—´',
  `last_access_time` datetime DEFAULT NULL COMMENT 'sessionæœ€åè®¿é—®æ—¶é—´',
  `expire_time` int(5) DEFAULT '0' COMMENT 'è¶…æ—¶æ—¶é—´ï¼Œå•ä½ä¸ºåˆ†é’Ÿ',
  PRIMARY KEY (`sessionId`)
) ENGINE=InnoDB DEFAULT CHARSET=utf8 COMMENT='åœ¨çº¿ç”¨æˆ·è®°å½•';

/*Data for the table `sys_user_online` */

/*Table structure for table `sys_user_post` */

DROP TABLE IF EXISTS `sys_user_post`;

CREATE TABLE `sys_user_post` (
  `user_id` bigint(20) NOT NULL COMMENT 'ç”¨æˆ·ID',
  `post_id` bigint(20) NOT NULL COMMENT 'å²—ä½ID',
  PRIMARY KEY (`user_id`,`post_id`)
) ENGINE=InnoDB DEFAULT CHARSET=utf8 COMMENT='ç”¨æˆ·ä¸å²—ä½å…³è”è¡¨';

/*Data for the table `sys_user_post` */

insert  into `sys_user_post`(`user_id`,`post_id`) values (1,1),(2,2);

/*Table structure for table `sys_user_role` */

DROP TABLE IF EXISTS `sys_user_role`;

CREATE TABLE `sys_user_role` (
  `user_id` bigint(20) NOT NULL COMMENT 'ç”¨æˆ·ID',
  `role_id` bigint(20) NOT NULL COMMENT 'è§’è‰²ID',
  PRIMARY KEY (`user_id`,`role_id`)
) ENGINE=InnoDB DEFAULT CHARSET=utf8 COMMENT='ç”¨æˆ·å’Œè§’è‰²å…³è”è¡¨';

/*Data for the table `sys_user_role` */

insert  into `sys_user_role`(`user_id`,`role_id`) values (1,1),(2,2);

/*!40101 SET SQL_MODE=@OLD_SQL_MODE */;
/*!40014 SET FOREIGN_KEY_CHECKS=@OLD_FOREIGN_KEY_CHECKS */;
/*!40014 SET UNIQUE_CHECKS=@OLD_UNIQUE_CHECKS */;
/*!40111 SET SQL_NOTES=@OLD_SQL_NOTES */;
